axis,source_trait,source_short_form,mapped_trait,reported_trait,rsid,chr,pos_hg38,risk_allele,direction_raw,risk_freq,or_beta,pvalue,mapped_gene,pubmed,study_accession,queried_utc
skin,suntan,EFO_0004279,suntan,Low tan response,rs55711543,,,T,increase,NR,0.497,2E-205,,29739929,GCST005897,2026-07-01T00:28:27Z
skin,skin pigmentation,OBA_VT0002095,skin pigmentation,Skin color,rs11283428,,,?,decrease,0.328048,0.115727,3E-11,,36672889,GCST90255690,2026-07-01T00:28:27Z
skin,sunburn,MONDO_0005326,sunburn,Sunburns,rs535930,1,110181866,?,,NR,,3E-11,SLC6A17,30595370,GCST007086,2026-07-01T00:28:27Z
skin,skin pigmentation,OBA_VT0002095,skin pigmentation,Skin pigmentation,rs183827287,1,114078318,?,increase,NR,14.09,1E-9,OLFML3 - SYT6,37294081,GCST90269962,2026-07-01T00:28:27Z
skin,sunburn,MONDO_0005326,sunburn,Sunburns,rs2793827,1,119906182,?,,NR,,3E-8,ADAM30 - NOTCH2,30595370,GCST007086,2026-07-01T00:28:27Z
skin,sunburn,MONDO_0005326,sunburn,Sunburns,rs61816761,1,152313385,?,,NR,,2E-14,"FLG, CCDST",30595370,GCST007086,2026-07-01T00:28:27Z
skin,sunburn,MONDO_0005326,sunburn,Sunburns,rs11264244,1,154696591,?,,NR,,3E-8,ADAR - KCNN3,30595370,GCST007086,2026-07-01T00:28:27Z
skin,skin pigmentation,OBA_VT0002095,skin pigmentation,Skin reflectance (Melanin index),rs7538231,1,17875687,A,decrease,NR,0.341084,1E-7,ACTL8 - LINC01654,30895295,GCST007739,2026-07-01T00:28:27Z
skin,suntan,EFO_0004279,suntan,Tanning,rs114143322,1,197483784,?,,NR,,1E-6,CRB1 - DENND1B,29195075,GCST005189,2026-07-01T00:28:27Z
skin,skin pigmentation,OBA_VT0002095,skin pigmentation,Skin reflectance (Melanin index),rs17025239,1,215724880,A,decrease,NR,0.243222,8E-6,USH2A,30895295,GCST007739,2026-07-01T00:28:27Z
skin,skin pigmentation,OBA_VT0002095,skin pigmentation,Skin reflectance (Melanin index),rs6429197,1,235611717,C,increase,NR,0.384576,7E-6,GNG4,30895295,GCST007739,2026-07-01T00:28:27Z
skin,skin pigmentation,OBA_VT0002095,skin pigmentation,Skin reflectance (Melanin index),rs10737883,1,242645039,C,increase,NR,1.00959,3E-6,PLD5 - RSL24D1P4,30895295,GCST007739,2026-07-01T00:28:27Z
skin,skin pigmentation,OBA_VT0002095,skin pigmentation,Skin reflectance (Melanin index),rs4463718,1,55440394,G,increase,NR,0.262495,1E-6,LINC01755,30895295,GCST007739,2026-07-01T00:28:27Z
skin,sunburn,MONDO_0005326,sunburn,Sunburns,rs1308048,1,66422859,?,,NR,,2E-20,PDE4B - SGIP1,30595370,GCST007086,2026-07-01T00:28:27Z
skin,sunburn,MONDO_0005326,sunburn,Sunburns,rs11210187,1,73249550,?,,NR,,4E-11,RN7SKP19 - LINC01360,30595370,GCST007086,2026-07-01T00:28:27Z
skin,skin pigmentation,OBA_VT0002095,skin pigmentation,"Skin color (cheek, B value)",rs75499699,1,81355115,?,decrease,NR,0.21,1E-8,ADGRL2,40010489,GCST90502779,2026-07-01T00:28:27Z
skin,skin pigmentation,OBA_VT0002095,skin pigmentation,Skin reflectance (Melanin index),rs2272756,1,946653,A,increase,NR,0.324533,3E-6,NOC2L,30895295,GCST007739,2026-07-01T00:28:27Z
skin,facial pigmentation,OBA_2045282,facial pigmentation,Facial skin melanin,rs12161672,10,111127713,G,increase,NR,20.1,1E-5,ADRA2A - BTBD7P2,35313536,GCST90104590,2026-07-01T00:28:27Z
skin,freckles,EFO_0003963,freckles,Freckles,rs12259842,10,116695732,T,,0.25,1.23,7E-11,HSPA12A,29895819,GCST006091,2026-07-01T00:28:27Z
skin,freckles,EFO_0003963,freckles,Freckles,rs10886142,10,117801913,T,,0.49,1.2,1E-9,LINC02674 - RAB11FIP2,29895819,GCST006091,2026-07-01T00:28:27Z
skin,facial pigmentation,OBA_2045282,facial pigmentation,Facial pigmentation measurement (UV light),rs11198112,10,117804632,T,decrease,0.097,2.3,1E-37,LINC02674 - RAB11FIP2,32835660,GCST90002283,2026-07-01T00:28:27Z
skin,freckles,EFO_0003963,freckles,Freckles,rs10444039,10,117806027,C,,0.912,1.6666665,6E-21,LINC02674 - RAB11FIP2,29895819,GCST006091,2026-07-01T00:28:27Z
skin,skin pigmentation,OBA_VT0002095,skin pigmentation,Skin reflectance,rs35563099,10,117812892,T,decrease,0.14,0.008,1E-29,LINC02674 - RAB11FIP2,36536295,GCST90246327,2026-07-01T00:28:27Z
skin,freckles,EFO_0003963,freckles,Freckles,rs4752116,10,117823291,C,,0.79,1.2345679,3E-9,LINC02674 - RAB11FIP2,29895819,GCST006091,2026-07-01T00:28:27Z
skin,suntan,EFO_0004279,suntan,Tanning,rs11812960,10,23876027,?,,NR,,1E-6,KIAA1217,29195075,GCST005189,2026-07-01T00:28:27Z
skin,sunburn,MONDO_0005326,sunburn,Sunburns,rs7087356,10,80441547,?,,NR,,1E-8,PRXL2A - TSPAN14,30595370,GCST007086,2026-07-01T00:28:27Z
skin,facial pigmentation,OBA_2045282,facial pigmentation,Facial skin gloss,rs3740027,10,89309379,T,decrease,NR,0.5252,5E-6,LIPA,35313536,GCST90104591,2026-07-01T00:28:27Z
skin,skin pigmentation,OBA_VT0002095,skin pigmentation,Skin reflectance (Melanin index),rs7913440,10,9598581,C,increase,NR,0.24137,5E-6,LINC00709 - HSP90AB7P,30895295,GCST007739,2026-07-01T00:28:27Z
skin,skin pigmentation,OBA_VT0002095,skin pigmentation,Pigment spots (darkness),rs1001949,11,11159318,G,increase,0.221,0.37,4E-8,LINC02752,34265127,GCST90026491,2026-07-01T00:28:27Z
skin,facial pigmentation,OBA_2045282,facial pigmentation,Facial skin gloss,rs77996260,11,126160311,C,decrease,NR,0.5152,9E-6,NAP1L1P1 - RPUSD4,35313536,GCST90104591,2026-07-01T00:28:27Z
skin,facial pigmentation,OBA_2045282,facial pigmentation,Facial skin melanin,rs7125001,11,129445284,T,decrease,NR,8.442,6E-6,BARX2,35313536,GCST90104590,2026-07-01T00:28:27Z
skin,sunburn,MONDO_0005326,sunburn,Sunburns,rs12421680,11,131481074,A,increase,NR,0.41,6E-6,NTM,23548203,GCST001933,2026-07-01T00:28:27Z
skin,sunburn,MONDO_0005326,sunburn,Sunburns,rs2953060,11,16065201,?,,NR,,2E-13,SOX6,30595370,GCST007086,2026-07-01T00:28:27Z
skin,sunburn,MONDO_0005326,sunburn,Sunburns,rs11023926,11,16352168,?,,NR,,4E-9,SOX6,30595370,GCST007086,2026-07-01T00:28:27Z
skin,sunburn,MONDO_0005326,sunburn,Sunburns,rs4578351,11,16566033,?,,NR,,3E-15,SOX6,30595370,GCST007086,2026-07-01T00:28:27Z
skin,sunburn,MONDO_0005326,sunburn,Sunburns,rs1626067,11,67425084,?,,NR,,2E-11,CARNS1,30595370,GCST007086,2026-07-01T00:28:27Z
skin,suntan,EFO_0004279,suntan,Low tan response,rs72917317,11,69049973,G,increase,NR,0.163,1E-29,TPCN2,29739929,GCST005897,2026-07-01T00:28:27Z
skin,sunburn,MONDO_0005326,sunburn,Sunburns,rs150527451,11,69050429,?,,NR,,8E-17,TPCN2,30595370,GCST007086,2026-07-01T00:28:27Z
skin,suntan,EFO_0004279,suntan,Low tan response,rs72932540,11,69154575,G,increase,NR,0.135,5E-20,TPCN2 - SMIM38,29739929,GCST005897,2026-07-01T00:28:27Z
skin,sunburn,MONDO_0005326,sunburn,Sunburns,rs61901730,11,88377080,?,,NR,,2E-9,CTSC - GAPDHP70,30595370,GCST007086,2026-07-01T00:28:27Z
skin,sunburn,MONDO_0005326,sunburn,Sunburns,rs79731025,11,88422110,?,,NR,,8E-9,GAPDHP70 - GRM5-AS1,30595370,GCST007086,2026-07-01T00:28:27Z
skin,suntan,EFO_0004279,suntan,Low tan response,rs7937452,11,88493228,T,increase,NR,0.102,5E-17,GAPDHP70 - GRM5-AS1,29739929,GCST005897,2026-07-01T00:28:27Z
skin,suntan,EFO_0004279,suntan,Low tan response,rs12792431,11,88687669,C,increase,NR,0.179,4E-71,GRM5,29739929,GCST005897,2026-07-01T00:28:27Z
skin,sunburn,MONDO_0005326,sunburn,Sunburns,rs188092667,11,88721001,?,,NR,,2E-13,GRM5,30595370,GCST007086,2026-07-01T00:28:27Z
skin,skin pigmentation,OBA_VT0002095,"eye colour measurement, strand of hair color, skin pigmentation","Skin, hair and eye pigmentation (multivariate analysis)",rs7118677,11,88778356,?,,NR,,8E-10,GRM5,30664655,GCST007451,2026-07-01T00:28:27Z
skin,suntan,EFO_0004279,suntan,Low tan response,rs71469216,11,88803283,C,increase,NR,0.191,6E-84,GRM5,29739929,GCST005897,2026-07-01T00:28:27Z
skin,suntan,EFO_0004279,suntan,Tanning,rs10831496,11,88824823,G,decrease,NR,0.14,5E-9,GRM5,19340012,GCST000371,2026-07-01T00:28:27Z
skin,skin pigmentation,OBA_VT0002095,skin pigmentation,Skin pigmentation (conditioned on rs1426654 and rs35397),rs10160510,11,88881156,T,decrease,NR,0.247758,3E-10,GRM5,31315583,GCST008516,2026-07-01T00:28:27Z
skin,suntan,EFO_0004279,suntan,Low tan response,rs4121827,11,88936881,C,increase,NR,0.187,1E-79,GRM5,29739929,GCST005897,2026-07-01T00:28:27Z
skin,sunburn,MONDO_0005326,sunburn,Sunburns,rs111258505,11,89012759,?,,NR,,2E-11,GRM5,30595370,GCST007086,2026-07-01T00:28:27Z
skin,suntan,EFO_0004279,suntan,Low tan response,rs34749698,11,89066563,C,increase,NR,0.188,4E-82,GRM5 - TYR,29739929,GCST005897,2026-07-01T00:28:27Z
skin,skin pigmentation,OBA_VT0002095,skin pigmentation,Skin color,rs2187128,11,89146747,T,decrease,0.125176,0.142788,2E-9,GRM5 - TYR,36672889,GCST90255690,2026-07-01T00:28:27Z
skin,sunburn,MONDO_0005326,sunburn,Sunburns,rs190581995,11,89154050,?,,NR,,2E-9,GRM5 - TYR,30595370,GCST007086,2026-07-01T00:28:27Z
skin,freckles,EFO_0003963,freckles,Freckles,rs1042602,11,89178528,C,,0.67,1.32,2E-11,TYR,17952075,GCST000119,2026-07-01T00:28:27Z
skin,skin pigmentation,OBA_VT0002095,skin pigmentation,Skin color,rs7116973,11,89213898,A,decrease,0.125426,0.144741,7E-9,TYR,36672889,GCST90255690,2026-07-01T00:28:27Z
skin,suntan,EFO_0004279,suntan,Tanning,rs1393350,11,89277878,A,increase,NR,0.19,2E-13,TYR,19340012,GCST000371,2026-07-01T00:28:27Z
skin,sunburn,MONDO_0005326,sunburn,Sunburns,rs1126809,11,89284793,?,,NR,,4E-280,TYR,30595370,GCST007086,2026-07-01T00:28:27Z
skin,skin pigmentation,OBA_VT0002095,skin pigmentation,Skin phototype score,rs369896246,11,89322393,A,increase,0.152477,2.81651,2E-12,TYR - NOX4,36672889,GCST90255688,2026-07-01T00:28:27Z
skin,sunburn,MONDO_0005326,sunburn,Sunburns,rs142893386,11,89452293,?,,NR,,2E-9,NOX4,30595370,GCST007086,2026-07-01T00:28:27Z
skin,suntan,EFO_0004279,suntan,Low tan response,rs11018623,11,89464544,C,increase,NR,0.085,3E-23,NOX4,29739929,GCST005897,2026-07-01T00:28:27Z
skin,suntan,EFO_0004279,suntan,Low tan response,rs17221124,11,89714207,T,increase,NR,0.154,2E-29,TRIM77,29739929,GCST005897,2026-07-01T00:28:27Z
skin,suntan,EFO_0004279,suntan,Low tan response,rs78539082,11,90236011,C,increase,NR,0.112,1E-17,CHORDC1 - DISC1FP1,29739929,GCST005897,2026-07-01T00:28:27Z
skin,skin pigmentation,OBA_VT0002095,skin pigmentation,Skin reflectance (Melanin index),rs7127419,11,90315731,A,decrease,NR,0.675051,3E-6,DISC1FP1,30895295,GCST007739,2026-07-01T00:28:27Z
skin,suntan,EFO_0004279,suntan,Low tan response,rs1944068,11,90475715,A,decrease,NR,0.052,1E-8,DISC1FP1,29739929,GCST005897,2026-07-01T00:28:27Z
skin,skin pigmentation,OBA_VT0002095,skin pigmentation,Skin reflectance (Melanin index),rs1379496,12,102579439,A,increase,NR,0.239513,6E-6,IGF1 - LINC00485,30895295,GCST007739,2026-07-01T00:28:27Z
skin,facial pigmentation,OBA_2045282,facial pigmentation,Facial skin colour (CIELAB index b* value),rs10846744,12,124827879,G,decrease,0.317,0.35,5E-32,SCARB1,34648798,GCST90020056,2026-07-01T00:28:27Z
skin,skin pigmentation,OBA_VT0002095,skin pigmentation,Skin reflectance (Melanin index),rs10848158,12,130607421,C,decrease,NR,0.249954,6E-6,RIMBP2,30895295,GCST007739,2026-07-01T00:28:27Z
skin,facial pigmentation,OBA_2045282,facial pigmentation,Facial skin gloss,rs11055339,12,13290536,A,increase,NR,0.5443,5E-6,EMP1 - LINC01559,35313536,GCST90104591,2026-07-01T00:28:27Z
skin,facial pigmentation,OBA_2045282,facial pigmentation,Facial skin melanin,rs860877,12,25071152,G,decrease,NR,8.95,7E-6,IRAG2,35313536,GCST90104590,2026-07-01T00:28:27Z
skin,suntan,EFO_0004279,suntan,Tanning,rs7969151,12,53765493,A,increase,0.21,0.13,2E-6,CISTR - RN7SKP289,19340012,GCST000371,2026-07-01T00:28:27Z
skin,facial pigmentation,OBA_2045282,facial pigmentation,Facial skin melanin,rs76277998,12,82092118,C,decrease,NR,11.26,4E-6,LINC02426 - CCDC59,35313536,GCST90104590,2026-07-01T00:28:27Z
skin,skin pigmentation,OBA_VT0002095,skin pigmentation,Skin reflectance (Melanin index),rs4842464,12,87476312,C,decrease,NR,0.438362,2E-6,RPL23AP68 - CYCSP30,30895295,GCST007739,2026-07-01T00:28:27Z
skin,sunburn,MONDO_0005326,sunburn,Sunburns,rs11104733,12,88096342,?,,NR,,2E-9,CEP290,30595370,GCST007086,2026-07-01T00:28:27Z
skin,skin pigmentation,OBA_VT0002095,skin pigmentation,Skin reflectance (Melanin index),rs4842610,12,88417912,T,decrease,NR,0.27829,2E-6,TMTC3 - Y_RNA,30895295,GCST007739,2026-07-01T00:28:27Z
skin,suntan,EFO_0004279,suntan,Low tan response,rs2639099,12,88614587,T,increase,NR,0.106,4E-9,RNU1-117P - LINC02458,29739929,GCST005897,2026-07-01T00:28:27Z
skin,facial pigmentation,OBA_2045282,facial pigmentation,Facial skin colour (CIELAB index b* value),rs72620727,12,88716633,C,decrease,0.384,0.28,1E-23,RNU1-117P - LINC02458,34648798,GCST90020056,2026-07-01T00:28:27Z
skin,sunburn,MONDO_0005326,sunburn,Sunburns,rs3213737,12,95986028,?,,NR,,3E-48,HAL,30595370,GCST007086,2026-07-01T00:28:27Z
skin,sunburn,MONDO_0005326,sunburn,Sunburns,rs1278766,13,112880068,?,,NR,,1E-19,ATP11A,30595370,GCST007086,2026-07-01T00:28:27Z
skin,skin pigmentation,OBA_VT0002095,skin pigmentation,Skin reflectance,rs1290177,13,112881818,T,decrease,0.44,0.003,2E-9,ATP11A,36536295,GCST90246327,2026-07-01T00:28:27Z
skin,suntan,EFO_0004279,suntan,Low tan response,rs3742233,13,112883134,A,decrease,NR,0.071,1E-16,ATP11A,29739929,GCST005897,2026-07-01T00:28:27Z
skin,facial pigmentation,OBA_2045282,facial pigmentation,Facial skin gloss,rs77871962,13,29595384,A,increase,NR,0.9797,3E-6,SLC7A1,35313536,GCST90104591,2026-07-01T00:28:27Z
skin,skin sensitivity to sun,MONDO_0005434,skin sensitivity to sun,Ease of sunburn,rs68047527,13,30160361,C,increase,0.0969848,0.263733,2E-8,LINC00385,36672889,GCST90255686,2026-07-01T00:28:27Z
skin,skin sensitivity to sun,MONDO_0005434,skin sensitivity to sun,Ease of sunburn,rs9508664,13,30170830,A,increase,0.140313,0.230065,8E-10,LINC00385 - KATNAL1,36672889,GCST90255686,2026-07-01T00:28:27Z
skin,suntan,EFO_0004279,suntan,Low tan response,rs9561570,13,94503944,T,increase,NR,0.055,1E-9,DCT - TGDS,29739929,GCST005897,2026-07-01T00:28:27Z
skin,skin pigmentation,OBA_VT0002095,skin pigmentation,Skin reflectance (Melanin index),rs12147172,14,27883925,A,increase,NR,0.436113,7E-6,MIR3171HG - BNIP3P1,30895295,GCST007739,2026-07-01T00:28:27Z
skin,suntan,EFO_0004279,suntan,Tanning,rs73278043,14,65317086,?,,NR,,1E-6,PTBP1P - MIR4708,29195075,GCST005189,2026-07-01T00:28:27Z
skin,suntan,EFO_0004279,suntan,Low tan response,rs1885194,14,92311118,C,increase,NR,0.061,1E-12,RNU6-366P - SLC24A4,29739929,GCST005897,2026-07-01T00:28:27Z
skin,suntan,EFO_0004279,suntan,Tanning,rs17094273,14,96637470,A,increase,NR,0.2,9E-8,PAPOLA - RN7SKP108,19340012,GCST000371,2026-07-01T00:28:27Z
skin,skin pigmentation,OBA_VT0002095,skin pigmentation,Skin reflectance (Melanin index),rs190989442,15,24101305,G,decrease,NR,1.34191,6E-6,PWRN4 - PWRN1,30895295,GCST007739,2026-07-01T00:28:27Z
skin,skin pigmentation,OBA_VT0002095,skin pigmentation,Skin pigmentation (conditioned on rs1426654 and rs35397),rs3098576,15,27613262,T,increase,NR,0.182124,9E-9,GABRG3 - OCA2,31315583,GCST008516,2026-07-01T00:28:27Z
skin,sunburn,MONDO_0005326,sunburn,Sunburns,rs182498200,15,27844150,?,,NR,,7E-9,OCA2,30595370,GCST007086,2026-07-01T00:28:27Z
skin,skin pigmentation,OBA_VT0002095,skin pigmentation,"Skin color (forehead, ITA value)",rs1800414,15,27951891,?,increase,NR,0.16,1E-12,OCA2,40010489,GCST90502784,2026-07-01T00:28:27Z
skin,skin pigmentation,OBA_VT0002095,skin pigmentation,Skin pigmentation,rs4778219,15,27968704,?,,NR,,3E-9,OCA2,30664655,GCST007452,2026-07-01T00:28:27Z
skin,facial pigmentation,OBA_2045282,facial pigmentation,Facial skin colour (CIELAB index b* value),rs74653330,15,27983407,T,decrease,0.068,0.97,1E-71,OCA2,34648798,GCST90020056,2026-07-01T00:28:27Z
skin,skin pigmentation,OBA_VT0002095,skin pigmentation,Skin reflectance,rs121918166,15,27985101,T,increase,0.008,0.035,7E-28,OCA2,36536295,GCST90246327,2026-07-01T00:28:27Z
skin,suntan,EFO_0004279,suntan,Low tan response,rs1800407,15,27985172,T,increase,NR,0.175,2E-31,OCA2,29739929,GCST005897,2026-07-01T00:28:27Z
skin,sunburn,MONDO_0005326,sunburn,Sunburns,rs117886461,15,27985232,?,,NR,,7E-25,OCA2,30595370,GCST007086,2026-07-01T00:28:27Z
skin,skin pigmentation,OBA_VT0002095,"eye colour measurement, strand of hair color, skin pigmentation","Skin, hair and eye pigmentation (multivariate analysis)",rs1800404,15,27990627,?,,NR,,4E-18,OCA2,30664655,GCST007451,2026-07-01T00:28:27Z
skin,skin pigmentation,OBA_VT0002095,skin pigmentation,Skin color (Fitzpatrick scale),rs17652091,15,28026565,A,decrease,0.209609,0.093407,3E-8,OCA2,36672889,GCST90255689,2026-07-01T00:28:27Z
skin,skin pigmentation,OBA_VT0002095,skin pigmentation,Skin phototype score,rs34369918,15,28032793,C,increase,0.22658,3.21168,3E-21,OCA2,36672889,GCST90255688,2026-07-01T00:28:27Z
skin,skin pigmentation,OBA_VT0002095,skin pigmentation,Skin pigmentation (conditioned on rs1426654 and rs35397),rs1448484,15,28038295,G,increase,NR,0.212961,4E-10,OCA2,31315583,GCST008516,2026-07-01T00:28:27Z
skin,skin pigmentation,OBA_VT0002095,skin pigmentation,Skin phototype score,rs34022588,15,28041261,T,increase,0.192759,3.24448,1E-22,OCA2,36672889,GCST90255688,2026-07-01T00:28:27Z
skin,skin pigmentation,OBA_VT0002095,skin pigmentation,Skin phototype score,rs3071601,15,28041322,T,increase,0.118718,3.01984,4E-12,OCA2,36672889,GCST90255688,2026-07-01T00:28:27Z
skin,skin pigmentation,OBA_VT0002095,skin pigmentation,Skin phototype score,rs895829,15,28052911,C,increase,0.347204,3.353,3E-34,OCA2,36672889,GCST90255688,2026-07-01T00:28:27Z
skin,skin pigmentation,OBA_VT0002095,skin pigmentation,Skin phototype score,rs79743671,15,28074502,A,increase,0.120345,2.36731,1E-8,OCA2,36672889,GCST90255688,2026-07-01T00:28:27Z
skin,skin pigmentation,OBA_VT0002095,skin pigmentation,Skin phototype score,rs6497263,15,28075515,A,increase,0.122954,3.66024,7E-20,OCA2,36672889,GCST90255688,2026-07-01T00:28:27Z
skin,skin pigmentation,OBA_VT0002095,skin pigmentation,Skin phototype score,rs62007489,15,28075818,T,decrease,0.154267,3.17168,5E-18,OCA2,36672889,GCST90255688,2026-07-01T00:28:27Z
skin,skin pigmentation,OBA_VT0002095,skin pigmentation,Skin phototype score,rs58836608,15,28079300,G,increase,0.197307,2.13017,1E-9,OCA2,36672889,GCST90255688,2026-07-01T00:28:27Z
skin,skin pigmentation,OBA_VT0002095,skin pigmentation,Skin phototype score,rs72714109,15,28079662,C,increase,0.2216,2.95108,5E-20,OCA2,36672889,GCST90255688,2026-07-01T00:28:27Z
skin,skin pigmentation,OBA_VT0002095,skin pigmentation,Skin phototype score,rs4778137,15,28082689,G,increase,0.411312,2.42766,3E-19,OCA2,36672889,GCST90255688,2026-07-01T00:28:27Z
skin,skin pigmentation,OBA_VT0002095,skin pigmentation,Skin phototype score,rs4074658,15,28082760,C,decrease,0.491689,1.82728,4E-12,OCA2,36672889,GCST90255688,2026-07-01T00:28:27Z
skin,skin pigmentation,OBA_VT0002095,skin pigmentation,Skin phototype score,rs7174027,15,28083619,A,increase,0.213156,3.2349,1E-23,OCA2,36672889,GCST90255688,2026-07-01T00:28:27Z
skin,skin pigmentation,OBA_VT0002095,skin pigmentation,Skin phototype score,rs4778138,15,28090674,G,increase,0.292925,3.79649,6E-39,OCA2,36672889,GCST90255688,2026-07-01T00:28:27Z
skin,skin pigmentation,OBA_VT0002095,skin pigmentation,Skin phototype score,rs35795965,15,28091804,G,increase,0.0873482,3.24873,1E-11,OCA2,36672889,GCST90255688,2026-07-01T00:28:27Z
skin,skin pigmentation,OBA_VT0002095,skin pigmentation,Skin phototype score,rs4778241,15,28093567,A,increase,0.353085,3.1793,3E-29,OCA2,36672889,GCST90255688,2026-07-01T00:28:27Z
skin,skin pigmentation,OBA_VT0002095,skin pigmentation,Skin phototype score,rs58843292,15,28100785,A,increase,0.171945,3.21824,6E-20,OCA2 - HERC2,36672889,GCST90255688,2026-07-01T00:28:27Z
skin,skin pigmentation,OBA_VT0002095,skin pigmentation,Skin phototype score,rs150763518,15,28106230,G,increase,0.194178,2.2242,9E-11,OCA2 - HERC2,36672889,GCST90255688,2026-07-01T00:28:27Z
skin,suntan,EFO_0004279,"Abnormal skin pigmentation, suntan",Skin pigmentation traits,rs1129038,15,28111713,?,increase,NR,0.5341482,3E-11,HERC2,30166351,GCST007488,2026-07-01T00:28:27Z
skin,skin pigmentation,OBA_VT0002095,skin pigmentation,Skin phototype score,rs11365574,15,28116223,?,increase,0.0660536,4.46927,1E-14,HERC2,36672889,GCST90255688,2026-07-01T00:28:27Z
skin,skin pigmentation,OBA_VT0002095,skin pigmentation,Skin phototype score,rs7494942,15,28118913,A,increase,0.400874,4.17549,9E-54,HERC2,36672889,GCST90255688,2026-07-01T00:28:27Z
skin,skin pigmentation,OBA_VT0002095,"eye colour measurement, strand of hair color, skin pigmentation","Skin, hair and eye pigmentation (multivariate analysis)",rs12913832,15,28120472,?,,NR,,1E-200,HERC2,30664655,GCST007451,2026-07-01T00:28:27Z
skin,skin pigmentation,OBA_VT0002095,"eye colour measurement, strand of hair color, skin pigmentation","Skin, hair and eye pigmentation (multivariate analysis)",rs4778249,15,28135372,?,,NR,,6E-21,HERC2,30664655,GCST007451,2026-07-01T00:28:27Z
skin,skin pigmentation,OBA_VT0002095,skin pigmentation,Skin phototype score,rs117219845,15,28137613,T,increase,0.0693914,3.48051,1E-9,HERC2,36672889,GCST90255688,2026-07-01T00:28:27Z
skin,sunburn,MONDO_0005326,sunburn,Sunburns,rs7403279,15,28138419,?,,NR,,9E-55,HERC2,30595370,GCST007086,2026-07-01T00:28:27Z
skin,skin pigmentation,OBA_VT0002095,skin pigmentation,Skin phototype score,rs11636232,15,28141480,T,decrease,0.169388,5.83834,1E-59,HERC2,36672889,GCST90255688,2026-07-01T00:28:27Z
skin,skin pigmentation,OBA_VT0002095,skin pigmentation,Skin phototype score,rs28784029,15,28156194,T,decrease,0.152997,5.56351,2E-44,HERC2,36672889,GCST90255688,2026-07-01T00:28:27Z
skin,skin pigmentation,OBA_VT0002095,skin pigmentation,Skin phototype score,rs56743903,15,28173939,A,increase,0.114321,3.05384,3E-10,HERC2,36672889,GCST90255688,2026-07-01T00:28:27Z
skin,skin pigmentation,OBA_VT0002095,skin pigmentation,Skin phototype score,rs111433258,15,28174015,G,increase,0.272219,3.83718,1E-30,HERC2,36672889,GCST90255688,2026-07-01T00:28:27Z
skin,skin pigmentation,OBA_VT0002095,skin pigmentation,Skin phototype score,rs142046335,15,28175206,G,decrease,0.0547849,4.45655,1E-11,HERC2,36672889,GCST90255688,2026-07-01T00:28:27Z
skin,skin pigmentation,OBA_VT0002095,skin pigmentation,Skin phototype score,rs2525919,15,28210654,T,increase,0.226878,4.18895,4E-37,HERC2,36672889,GCST90255688,2026-07-01T00:28:27Z
skin,skin sensitivity to sun,MONDO_0005434,skin sensitivity to sun,Skin sensitivity to sun,rs433004,15,28212394,C,increase,0.03,0.441,2E-7,HERC2,25963972,GCST002908,2026-07-01T00:28:27Z
skin,skin pigmentation,OBA_VT0002095,skin pigmentation,Skin phototype score,rs35629645,15,28225697,C,increase,0.0830975,4.57391,8E-17,HERC2,36672889,GCST90255688,2026-07-01T00:28:27Z
skin,skin pigmentation,OBA_VT0002095,skin pigmentation,Skin phototype score,rs150231163,15,28239853,C,increase,0.0424438,4.73657,8E-12,HERC2,36672889,GCST90255688,2026-07-01T00:28:27Z
skin,skin pigmentation,OBA_VT0002095,skin pigmentation,Skin phototype score,rs147936809,15,28241588,A,increase,0.0620936,4.24672,1E-11,HERC2,36672889,GCST90255688,2026-07-01T00:28:27Z
skin,skin pigmentation,OBA_VT0002095,skin pigmentation,Skin phototype score,rs35995546,15,28259970,C,increase,0.0961545,4.23403,1E-17,HERC2,36672889,GCST90255688,2026-07-01T00:28:27Z
skin,skin pigmentation,OBA_VT0002095,skin pigmentation,Skin phototype score,rs34823980,15,28264021,C,increase,0.0941118,4.33863,7E-18,HERC2,36672889,GCST90255688,2026-07-01T00:28:27Z
skin,skin pigmentation,OBA_VT0002095,skin pigmentation,Skin color (Fitzpatrick scale),rs117201485,15,28268158,A,increase,0.0640375,0.211577,4E-11,HERC2,36672889,GCST90255689,2026-07-01T00:28:27Z
skin,suntan,EFO_0004279,suntan,Low tan response,rs1667394,15,28285036,C,decrease,NR,0.226,4E-78,HERC2,29739929,GCST005897,2026-07-01T00:28:27Z
skin,suntan,EFO_0004279,"Abnormal skin pigmentation, suntan",Skin pigmentation traits,rs1667392,15,28288419,?,decrease,NR,0.1983,1E-11,HERC2,30166351,GCST007488,2026-07-01T00:28:27Z
skin,skin pigmentation,OBA_VT0002095,skin pigmentation,Skin phototype score,rs111458470,15,28289408,A,increase,0.418721,3.83211,8E-42,HERC2,36672889,GCST90255688,2026-07-01T00:28:27Z
skin,sunburn,MONDO_0005326,sunburn,Sunburns,rs117325217,15,28289631,?,,NR,,8E-21,HERC2,30595370,GCST007086,2026-07-01T00:28:27Z
skin,skin pigmentation,OBA_VT0002095,skin pigmentation,Skin phototype score,rs373425948,15,28298006,T,increase,0.102456,3.98756,6E-17,HERC2,36672889,GCST90255688,2026-07-01T00:28:27Z
skin,skin pigmentation,OBA_VT0002095,skin pigmentation,Skin phototype score,rs11324616,15,28314864,?,increase,0.182086,3.95892,2E-30,HERC2,36672889,GCST90255688,2026-07-01T00:28:27Z
skin,skin pigmentation,OBA_VT0002095,skin pigmentation,Skin phototype score,rs11396433,15,28316060,T,increase,0.0887677,3.33236,2E-12,HERC2,36672889,GCST90255688,2026-07-01T00:28:27Z
skin,skin pigmentation,OBA_VT0002095,skin pigmentation,Skin phototype score,rs373468882,15,28321239,T,increase,0.0648461,4.83034,3E-17,HERC2,36672889,GCST90255688,2026-07-01T00:28:27Z
skin,skin pigmentation,OBA_VT0002095,skin pigmentation,Skin phototype score,rs745333093,15,28328680,A,increase,0.0584191,3.48002,1E-8,HERC2 - HERC2P1,36672889,GCST90255688,2026-07-01T00:28:27Z
skin,skin pigmentation,OBA_VT0002095,skin pigmentation,Skin pigmentation (conditioned on rs1426654 and rs35397),rs36194177,15,28873638,A,increase,NR,0.228791,5E-10,GOLGA6L7 - APBA2,31315583,GCST008516,2026-07-01T00:28:27Z
skin,skin pigmentation,OBA_VT0002095,skin pigmentation,Skin pigmentation (conditioned on rs1426654 and rs35397),rs4424881,15,28969513,T,increase,NR,0.158,5E-7,APBA2,31315583,GCST008516,2026-07-01T00:28:27Z
skin,skin pigmentation,OBA_VT0002095,skin pigmentation,Skin pigmentation (conditioned on rs1426654 and rs35397),rs2636060,15,29133733,A,decrease,NR,0.231106,6E-10,ENTREP2,31315583,GCST008516,2026-07-01T00:28:27Z
skin,sunburn,MONDO_0005326,sunburn,Sunburns,rs11070811,15,31101879,?,,NR,,4E-9,TRPM1,30595370,GCST007086,2026-07-01T00:28:27Z
skin,skin pigmentation,OBA_VT0002095,skin pigmentation,Skin reflectance (Melanin index),rs147237492,15,32687900,T,decrease,NR,1.05296,5E-6,"ARHGAP11A-SCG5, SCG5",30895295,GCST007739,2026-07-01T00:28:27Z
skin,facial pigmentation,OBA_2045282,facial pigmentation,Facial skin gloss,rs1919361,15,32751321,T,increase,NR,0.5545,1E-6,GREM1 - FMN1,35313536,GCST90104591,2026-07-01T00:28:27Z
skin,skin pigmentation,OBA_VT0002095,skin pigmentation,Skin reflectance (Melanin index),rs1912459,15,36052589,T,decrease,NR,0.262303,5E-6,LINC02853,30895295,GCST007739,2026-07-01T00:28:27Z
skin,skin pigmentation,OBA_VT0002095,skin pigmentation,Skin reflectance (Melanin index),rs1224653,15,47702908,C,decrease,NR,0.329455,2E-7,SEMA6D,30895295,GCST007739,2026-07-01T00:28:27Z
skin,skin pigmentation,OBA_VT0002095,skin pigmentation,Skin reflectance (Melanin index),rs1453858,15,48011913,A,increase,NR,0.455591,1E-15,LINC01491 - SLC24A5,30895295,GCST007739,2026-07-01T00:28:27Z
skin,skin pigmentation,OBA_VT0002095,skin pigmentation,Skin reflectance (Melanin index),rs2675345,15,48108002,A,decrease,0.234,0.042,4E-30,LINC01491 - SLC24A5,33600456,GCST011355,2026-07-01T00:28:27Z
skin,skin pigmentation,OBA_VT0002095,"eye colour measurement, strand of hair color, skin pigmentation","Skin, hair and eye pigmentation (multivariate analysis)",rs1426654,15,48134287,?,,NR,,4E-150,SLC24A5,30664655,GCST007451,2026-07-01T00:28:27Z
skin,skin pigmentation,OBA_VT0002095,skin pigmentation,Skin pigmentation,rs2470102,15,48141297,?,decrease,NR,3.4,4E-12,"MYEF2, SLC24A5",29195075,GCST005188,2026-07-01T00:28:27Z
skin,skin pigmentation,OBA_VT0002095,skin pigmentation,Skin reflectance (Melanin index),rs11636073,15,48246829,T,decrease,NR,0.354282,8E-9,SLC12A1,30895295,GCST007739,2026-07-01T00:28:27Z
skin,skin pigmentation,OBA_VT0002095,skin pigmentation,Skin reflectance (Melanin index),rs17430375,15,48369245,C,decrease,NR,0.898858,6E-8,DUT - FBN1,30895295,GCST007739,2026-07-01T00:28:27Z
skin,skin pigmentation,OBA_VT0002095,skin pigmentation,Skin reflectance (Melanin index),rs16960981,15,48472745,G,increase,NR,0.506585,2E-7,FBN1,30895295,GCST007739,2026-07-01T00:28:27Z
skin,sunburn,MONDO_0005326,sunburn,Sunburns,rs1799802,16,13934224,?,,NR,,7E-42,ERCC4,30595370,GCST007086,2026-07-01T00:28:27Z
skin,sunburn,MONDO_0005326,sunburn,Sunburns,rs9926609,16,3490962,?,,NR,,2E-8,NAA60 - C16orf90,30595370,GCST007086,2026-07-01T00:28:27Z
skin,skin pigmentation,OBA_VT0002095,skin pigmentation,Skin color,rs568405296,16,70858347,A,decrease,0.0139411,0.441469,2E-8,HYDIN,36672889,GCST90255690,2026-07-01T00:28:27Z
skin,skin pigmentation,OBA_VT0002095,skin pigmentation,Skin pigmentation (conditioned on rs1426654 and rs35397),rs139343937,16,80222544,A,decrease,NR,0.247831,3E-6,DYNLRB2-AS1,31315583,GCST008516,2026-07-01T00:28:27Z
skin,sunburn,MONDO_0005326,sunburn,Sunburns,rs3180279,16,88644425,?,,NR,,5E-11,CYBA,30595370,GCST007086,2026-07-01T00:28:27Z
skin,sunburn,MONDO_0005326,sunburn,Sunburns,rs4782318,16,88702992,?,,NR,,4E-11,RNF166,30595370,GCST007086,2026-07-01T00:28:27Z
skin,suntan,EFO_0004279,suntan,Low tan response,rs75410747,16,88703350,A,increase,NR,0.425,6E-59,RNF166,29739929,GCST005897,2026-07-01T00:28:27Z
skin,sunburn,MONDO_0005326,sunburn,Sunburns,rs73252814,16,88830941,?,,NR,,1E-13,GALNS,30595370,GCST007086,2026-07-01T00:28:27Z
skin,sunburn,MONDO_0005326,sunburn,Sunburns,rs117644533,16,88995404,?,,NR,,7E-10,CBFA2T3 - ACSF3,30595370,GCST007086,2026-07-01T00:28:27Z
skin,sunburn,MONDO_0005326,sunburn,Sunburns,rs35561531,16,89118767,?,,NR,,2E-38,ACSF3,30595370,GCST007086,2026-07-01T00:28:27Z
skin,suntan,EFO_0004279,suntan,Low tan response,rs117156175,16,89168993,T,increase,NR,0.671,1E-173,LINC02138,29739929,GCST005897,2026-07-01T00:28:27Z
skin,sunburn,MONDO_0005326,sunburn,Sunburns,rs3114910,16,89313019,?,,NR,,3E-30,ANKRD11,30595370,GCST007086,2026-07-01T00:28:27Z
skin,suntan,EFO_0004279,suntan,Low tan response,rs3114908,16,89317317,T,increase,NR,0.345,2E-328,ANKRD11,29739929,GCST005897,2026-07-01T00:28:27Z
skin,skin pigmentation,OBA_VT0002095,skin pigmentation,Skin phototype score,rs28431356,16,89400032,C,decrease,0.112192,3.19057,9E-12,ANKRD11,36672889,GCST90255688,2026-07-01T00:28:27Z
skin,sunburn,MONDO_0005326,sunburn,Sunburns,rs74836424,16,89440922,?,,NR,,1E-300,ANKRD11,30595370,GCST007086,2026-07-01T00:28:27Z
skin,suntan,EFO_0004279,suntan,Low tan response,rs55637757,16,89469480,T,increase,NR,0.54,6E-359,ANKRD11,29739929,GCST005897,2026-07-01T00:28:27Z
skin,suntan,EFO_0004279,suntan,Low tan response,rs369230,16,89579029,G,increase,NR,0.469,1E-522,CPNE7,29739929,GCST005897,2026-07-01T00:28:27Z
skin,suntan,EFO_0004279,suntan,Tanning,rs154659,16,89600929,C,increase,NR,0.14,7E-8,CPNE7 - DPEP1,19340012,GCST000371,2026-07-01T00:28:27Z
skin,skin sensitivity to sun,MONDO_0005434,skin sensitivity to sun,Ease of skin tanning,rs4248913,16,89626691,A,decrease,0.0339795,0.28307,7E-9,DPEP1,36672889,GCST90255687,2026-07-01T00:28:27Z
skin,skin pigmentation,OBA_VT0002095,skin pigmentation,Skin phototype score,rs55950592,16,89632352,T,decrease,0.106787,2.68257,4E-9,DPEP1,36672889,GCST90255688,2026-07-01T00:28:27Z
skin,skin sensitivity to sun,MONDO_0005434,skin sensitivity to sun,Ease of skin tanning,rs12921177,16,89641629,A,decrease,0.0315292,0.305868,5E-10,CHMP1A,36672889,GCST90255687,2026-07-01T00:28:27Z
skin,suntan,EFO_0004279,suntan,Low tan response,rs164745,16,89643256,T,decrease,NR,0.293,7E-206,CHMP1A,29739929,GCST005897,2026-07-01T00:28:27Z
skin,sunburn,MONDO_0005326,sunburn,Sunburns,rs11648089,16,89647530,?,,NR,,1E-144,CHMP1A,30595370,GCST007086,2026-07-01T00:28:27Z
skin,facial pigmentation,OBA_2045282,facial pigmentation,Facial pigmentation,rs35063026,16,89669749,T,increase,0.07,20.29,9E-15,SPATA33,25705849,GCST002785,2026-07-01T00:28:27Z
skin,suntan,EFO_0004279,suntan,Low tan response,rs57119673,16,89718584,G,increase,NR,0.371,2E-387,VPS9D1,29739929,GCST005897,2026-07-01T00:28:27Z
skin,skin pigmentation,OBA_VT0002095,skin pigmentation,Skin reflectance,rs117990130,16,89720932,T,decrease,0.18,0.012,8E-30,"VPS9D1, ZNF276",36536295,GCST90246327,2026-07-01T00:28:27Z
skin,skin pigmentation,OBA_VT0002095,skin pigmentation,Skin phototype score,rs11649196,16,89735544,A,decrease,0.136173,2.57658,2E-10,"FANCA, ZNF276",36672889,GCST90255688,2026-07-01T00:28:27Z
skin,sunburn,MONDO_0005326,sunburn,Sunburns,rs113548871,16,89746174,?,,NR,,1E-33,FANCA,30595370,GCST007086,2026-07-01T00:28:27Z
skin,suntan,EFO_0004279,suntan,Low tan response,rs3743861,16,89751932,C,increase,NR,0.299,3E-260,FANCA,29739929,GCST005897,2026-07-01T00:28:27Z
skin,freckles,EFO_0003963,freckles,Freckling,rs12931267,16,89752324,G,increase,0.08,1.88,8E-62,FANCA,20585627,GCST000708,2026-07-01T00:28:27Z
skin,suntan,EFO_0004279,suntan,Low tan response,rs1006548,16,89777635,C,decrease,NR,0.322,4E-205,FANCA,29739929,GCST005897,2026-07-01T00:28:27Z
skin,suntan,EFO_0004279,suntan,Low tan response,rs2238529,16,89786709,C,increase,NR,0.128,6E-45,FANCA,29739929,GCST005897,2026-07-01T00:28:27Z
skin,sunburn,MONDO_0005326,sunburn,Sunburns,rs138804614,16,89806765,?,,NR,,3E-20,FANCA,30595370,GCST007086,2026-07-01T00:28:27Z
skin,suntan,EFO_0004279,suntan,Low tan response,rs36233537,16,89817719,G,decrease,NR,0.418,2E-47,FANCA - SPIRE2,29739929,GCST005897,2026-07-01T00:28:27Z
skin,skin pigmentation,OBA_VT0002095,skin pigmentation,Skin reflectance,rs35096708,16,89820841,A,increase,0.26,0.015,5E-151,SPIRE2,36536295,GCST90246327,2026-07-01T00:28:27Z
skin,skin pigmentation,OBA_VT0002095,skin pigmentation,Skin phototype score,rs7198386,16,89831488,C,increase,0.43177,1.62913,2E-9,SPIRE2,36672889,GCST90255688,2026-07-01T00:28:27Z
skin,skin pigmentation,OBA_VT0002095,skin pigmentation,Skin reflectance,rs190295257,16,89840471,C,increase,0.01,0.025,5E-20,SPIRE2,36536295,GCST90246327,2026-07-01T00:28:27Z
skin,suntan,EFO_0004279,suntan,Low tan response,rs12932219,16,89849983,G,decrease,NR,0.341,4E-335,SPIRE2,29739929,GCST005897,2026-07-01T00:28:27Z
skin,skin pigmentation,OBA_VT0002095,skin pigmentation,Skin reflectance,rs62052172,16,89883822,A,increase,0.004,0.029,4E-14,TCF25,36536295,GCST90246327,2026-07-01T00:28:27Z
skin,skin pigmentation,OBA_VT0002095,skin pigmentation,Skin phototype score,rs1805005,16,89919436,T,decrease,0.142408,2.57479,1E-11,MC1R,36672889,GCST90255688,2026-07-01T00:28:27Z
skin,skin pigmentation,OBA_VT0002095,skin pigmentation,Skin reflectance,rs1805006,16,89919510,A,increase,0.01,0.023,3E-19,MC1R,36536295,GCST90246327,2026-07-01T00:28:27Z
skin,facial pigmentation,OBA_2045282,facial pigmentation,Facial pigmentation measurement (UV light),rs2228479,16,89919532,A,increase,0.135,1.55,7E-21,MC1R,32835660,GCST90002283,2026-07-01T00:28:27Z
skin,skin pigmentation,OBA_VT0002095,skin pigmentation,Skin reflectance,rs11547464,16,89919683,C,increase,0.12,0.0057,2E-9,MC1R,36536295,GCST90246327,2026-07-01T00:28:27Z
skin,freckles,EFO_0003963,freckles,Freckles,rs1805007,16,89919709,T,,0.05,4.37,1E-96,MC1R,17952075,GCST000119,2026-07-01T00:28:27Z
skin,sunburn,MONDO_0005326,sunburn,Sunburns,rs1805008,16,89919736,?,,NR,,2E-225,MC1R,30595370,GCST007086,2026-07-01T00:28:27Z
skin,skin pigmentation,OBA_VT0002095,skin pigmentation,Skin reflectance,rs885479,16,89919746,A,increase,0.05,0.0086,4E-11,MC1R,36536295,GCST90246327,2026-07-01T00:28:27Z
skin,skin pigmentation,OBA_VT0002095,skin pigmentation,Skin color (Fitzpatrick scale),rs1805009,16,89920138,C,decrease,0.0199676,0.336856,6E-12,MC1R,36672889,GCST90255689,2026-07-01T00:28:27Z
skin,skin pigmentation,OBA_VT0002095,skin pigmentation,Skin reflectance,rs150909008,16,89938285,A,increase,0.13,0.012,2E-52,TUBB3,36536295,GCST90246327,2026-07-01T00:28:27Z
skin,suntan,EFO_0004279,suntan,Low tan response,rs3803686,16,89953938,C,decrease,NR,0.138,2E-35,DEF8,29739929,GCST005897,2026-07-01T00:28:27Z
skin,skin pigmentation,OBA_VT0002095,skin pigmentation,Skin reflectance,rs8049897,16,89957794,A,increase,0.13,0.013,5E-63,DEF8,36536295,GCST90246327,2026-07-01T00:28:27Z
skin,skin pigmentation,OBA_VT0002095,skin pigmentation,Skin reflectance,rs117204628,16,89966047,T,increase,0.01,0.018,3E-15,DEF8,36536295,GCST90246327,2026-07-01T00:28:27Z
skin,suntan,EFO_0004279,suntan,Low tan response,rs4785752,16,89968733,A,increase,NR,0.345,1E-334,DEF8 - CENPBD1P,29739929,GCST005897,2026-07-01T00:28:27Z
skin,suntan,EFO_0004279,suntan,Low tan response,rs11649211,16,89973042,G,increase,NR,0.107,1E-30,"AFG3L1P, AFG3L1P",29739929,GCST005897,2026-07-01T00:28:27Z
skin,suntan,EFO_0004279,suntan,Low tan response,rs35176381,16,89996071,G,increase,NR,0.436,5E-512,"AFG3L1P, AFG3L1P",29739929,GCST005897,2026-07-01T00:28:27Z
skin,suntan,EFO_0004279,suntan,Low tan response,rs77733403,16,90014315,C,increase,NR,0.508,8E-416,DBNDD1,29739929,GCST005897,2026-07-01T00:28:27Z
skin,suntan,EFO_0004279,suntan,Tanning,rs11648785,16,90018153,T,decrease,NR,0.14,3E-9,DBNDD1,19340012,GCST000371,2026-07-01T00:28:27Z
skin,sunburn,MONDO_0005326,sunburn,Sunburns,rs62052663,16,90086938,?,,NR,,1E-51,PRDM7,30595370,GCST007086,2026-07-01T00:28:27Z
skin,suntan,EFO_0004279,suntan,Low tan response,rs117417690,16,90091597,T,increase,NR,0.43,9E-167,PRDM7,29739929,GCST005897,2026-07-01T00:28:27Z
skin,suntan,EFO_0004279,suntan,Low tan response,rs9922277,16,90092430,C,increase,NR,0.223,4E-139,PRDM7 - TUBB8P7,29739929,GCST005897,2026-07-01T00:28:27Z
skin,sunburn,MONDO_0005326,sunburn,Sunburns,rs9904468,17,17669873,?,,NR,,6E-12,PEMT - SMCR2,30595370,GCST007086,2026-07-01T00:28:27Z
skin,sunburn,MONDO_0005326,sunburn,Sunburns,rs1548714,17,27953178,?,,NR,,6E-9,LINC01992,30595370,GCST007086,2026-07-01T00:28:27Z
skin,freckles,EFO_0003963,freckles,Freckles,rs17833789,17,57153267,C,,0.45,1.18,2E-9,AKAP1 - MSI2,29895819,GCST006091,2026-07-01T00:28:27Z
skin,suntan,EFO_0004279,suntan,Tanning,rs74791047,18,11451677,?,,NR,,1E-9,PIEZO2 - LINC01928,29195075,GCST005189,2026-07-01T00:28:27Z
skin,skin pigmentation,OBA_VT0002095,skin pigmentation,Skin reflectance (Melanin index),rs376610691,18,61224836,C,increase,NR,0.869385,6E-6,HMGN1P31 - CDH20,30895295,GCST007739,2026-07-01T00:28:27Z
skin,skin pigmentation,OBA_VT0002095,skin pigmentation,Skin reflectance (Melanin index),rs8084144,18,75375515,A,decrease,NR,0.285027,9E-6,TSHZ1 - SMIM21,30895295,GCST007739,2026-07-01T00:28:27Z
skin,facial pigmentation,OBA_2045282,facial pigmentation,Facial pigmentation measurement (polar light),rs2240751,19,3548233,G,decrease,0.336,0.67,2E-14,"MFSD12, MFSD12-AS1",32835660,GCST90002284,2026-07-01T00:28:27Z
skin,skin pigmentation,OBA_VT0002095,skin pigmentation,Skin pigmentation (conditioned on rs1426654 and rs35397),rs10416746,19,3563984,A,increase,NR,0.294368,6E-9,MFSD12,31315583,GCST008516,2026-07-01T00:28:27Z
skin,skin pigmentation,OBA_VT0002095,skin pigmentation,Skin pigmentation (conditioned on rs1426654 and rs35397),rs112332856,19,3565601,C,increase,NR,0.197,2E-8,MFSD12,31315583,GCST008516,2026-07-01T00:28:27Z
skin,facial pigmentation,OBA_2045282,facial pigmentation,Facial skin melanin,rs147385695,19,40708529,?,increase,NR,19.4,6E-6,COQ8B,35313536,GCST90104590,2026-07-01T00:28:27Z
skin,facial pigmentation,OBA_2045282,facial pigmentation,Facial skin melanin,rs79353338,19,48009350,T,increase,NR,14.17,1E-5,ELSPBP1,35313536,GCST90104590,2026-07-01T00:28:27Z
skin,skin pigmentation,OBA_VT0002095,skin pigmentation,Skin reflectance (Melanin index),rs61741441,2,110968164,G,decrease,NR,0.737998,2E-6,"RPL5P9, ACOXL",30895295,GCST007739,2026-07-01T00:28:27Z
skin,skin pigmentation,OBA_VT0002095,skin pigmentation,Skin reflectance,rs35805265,2,118874405,T,decrease,0.36,0.003,4E-9,EN1 - MARCO,36536295,GCST90246327,2026-07-01T00:28:27Z
skin,skin pigmentation,OBA_VT0002095,skin pigmentation,Skin reflectance (Melanin index),rs6743428,2,15692975,A,decrease,NR,0.266083,6E-6,LINC01804,30895295,GCST007739,2026-07-01T00:28:27Z
skin,sunburn,MONDO_0005326,sunburn,Sunburns,rs1267037,2,161241644,?,,NR,,1E-8,PSMD14-DT,30595370,GCST007086,2026-07-01T00:28:27Z
skin,facial pigmentation,OBA_2045282,facial pigmentation,Facial skin gloss,rs200875668,2,182005195,A,increase,NR,1.699,2E-6,PPP1R1C,35313536,GCST90104591,2026-07-01T00:28:27Z
skin,facial pigmentation,OBA_2045282,facial pigmentation,Facial pigmentation measurement (UV light),rs12693889,2,199608935,T,increase,0.499,0.75,2E-11,LINC01877,32835660,GCST90002283,2026-07-01T00:28:27Z
skin,facial pigmentation,OBA_2045282,facial pigmentation,Facial skin gloss,rs117183145,2,213187916,A,increase,NR,0.9024,8E-7,LINC01953 - SPAG16-DT,35313536,GCST90104591,2026-07-01T00:28:27Z
skin,facial pigmentation,OBA_2045282,facial pigmentation,Facial skin gloss,rs686802,2,233857467,T,increase,NR,0.9391,3E-7,HJURP - MSL3B,35313536,GCST90104591,2026-07-01T00:28:27Z
skin,facial pigmentation,OBA_2045282,facial pigmentation,Facial skin colour (CIELAB index b* value),rs6543678,2,32837214,T,increase,0.367,0.17,6E-9,LINC00486,34648798,GCST90020056,2026-07-01T00:28:27Z
skin,skin pigmentation,OBA_VT0002095,skin pigmentation,Skin reflectance (Melanin index),rs74535542,2,365786,G,increase,NR,0.706502,8E-6,LINC01865,30895295,GCST007739,2026-07-01T00:28:27Z
skin,sunburn,MONDO_0005326,sunburn,Sunburns,rs1800440,2,38070996,?,,NR,,2E-10,CYP1B1,30595370,GCST007086,2026-07-01T00:28:27Z
skin,suntan,EFO_0004279,suntan,Low tan response,rs2855655,2,38077346,T,increase,NR,0.049,2E-8,"CYP1B1-AS1, CYP1B1",29739929,GCST005897,2026-07-01T00:28:27Z
skin,sunburn,MONDO_0005326,sunburn,Sunburns,rs10168349,2,46133768,?,,NR,,2E-12,PRKCE,30595370,GCST007086,2026-07-01T00:28:27Z
skin,sunburn,MONDO_0005326,sunburn,Sunburns,rs113419088,2,63626289,?,,NR,,2E-8,WDPCP,30595370,GCST007086,2026-07-01T00:28:27Z
skin,freckles,EFO_0003963,freckles,Freckles,rs570521611,2,7775516,G,decrease,0.0424154,0.35501,7E-9,LINC01871 - LINC00299,36672889,GCST90255685,2026-07-01T00:28:27Z
skin,facial pigmentation,OBA_2045282,facial pigmentation,Facial skin melanin,rs117929211,2,8641701,A,increase,NR,22.55,1E-5,SNRPEP5 - ID2-AS1,35313536,GCST90104590,2026-07-01T00:28:27Z
skin,sunburn,MONDO_0005326,sunburn,Sunburns,rs201475383,20,26293355,?,,NR,,3E-8,MIR663AHG - FRG1CP,30595370,GCST007086,2026-07-01T00:28:27Z
skin,suntan,EFO_0004279,suntan,Low tan response,rs17093831,20,32111119,C,increase,NR,0.176,1E-19,TM9SF4,29739929,GCST005897,2026-07-01T00:28:27Z
skin,suntan,EFO_0004279,suntan,Low tan response,rs77476644,20,32268334,G,increase,NR,0.189,6E-23,POFUT1 - KIF3B,29739929,GCST005897,2026-07-01T00:28:27Z
skin,suntan,EFO_0004279,suntan,Low tan response,rs1742982,20,32463002,T,increase,NR,0.189,3E-23,NOL4L,29739929,GCST005897,2026-07-01T00:28:27Z
skin,suntan,EFO_0004279,suntan,Low tan response,rs17123518,20,32660463,T,increase,NR,0.229,7E-28,C20orf203,29739929,GCST005897,2026-07-01T00:28:27Z
skin,suntan,EFO_0004279,suntan,Low tan response,rs55768819,20,32775561,T,increase,NR,0.268,6E-47,DNMT3B,29739929,GCST005897,2026-07-01T00:28:27Z
skin,suntan,EFO_0004279,suntan,Low tan response,rs117186940,20,33172744,T,increase,NR,0.345,3E-104,BPIFA2,29739929,GCST005897,2026-07-01T00:28:27Z
skin,suntan,EFO_0004279,suntan,Low tan response,rs17401449,20,33480139,G,increase,NR,0.439,2E-192,SNTA1 - CBFA2T2,29739929,GCST005897,2026-07-01T00:28:27Z
skin,suntan,EFO_0004279,suntan,Low tan response,rs78382342,20,33772305,A,increase,NR,0.456,1E-207,ZNF341,29739929,GCST005897,2026-07-01T00:28:27Z
skin,sunburn,MONDO_0005326,sunburn,Sunburns,rs6088347,20,33920304,?,,NR,,5E-13,TPM3P2 - PIGPP3,30595370,GCST007086,2026-07-01T00:28:27Z
skin,suntan,EFO_0004279,suntan,Low tan response,rs6059655,20,34077942,A,increase,NR,0.527,1E-315,RALY,29739929,GCST005897,2026-07-01T00:28:27Z
skin,suntan,EFO_0004279,suntan,Tanning,rs4911414,20,34141638,G,decrease,NR,0.07,4E-9,RPS2P1 - ASIP,23548203,GCST001939,2026-07-01T00:28:27Z
skin,suntan,EFO_0004279,suntan,Low tan response,rs56238684,20,34648892,C,increase,NR,0.517,1E-287,PIGU,29739929,GCST005897,2026-07-01T00:28:27Z
skin,suntan,EFO_0004279,suntan,Low tan response,rs62211613,20,34801857,C,increase,NR,0.512,1E-281,NCOA6,29739929,GCST005897,2026-07-01T00:28:27Z
skin,suntan,EFO_0004279,suntan,Low tan response,rs1885120,20,34989186,C,increase,NR,0.49,6E-255,MYH7B,29739929,GCST005897,2026-07-01T00:28:27Z
skin,suntan,EFO_0004279,suntan,Low tan response,rs4911466,20,35102207,C,increase,NR,0.481,5E-242,TRPC4AP - EDEM2,29739929,GCST005897,2026-07-01T00:28:27Z
skin,suntan,EFO_0004279,suntan,Low tan response,rs2425025,20,35259351,G,increase,NR,0.504,4E-253,"MMP24OS, MMP24",29739929,GCST005897,2026-07-01T00:28:27Z
skin,freckles,EFO_0003963,freckles,Freckling,rs619865,20,35279894,A,increase,0.10,0.77,5E-14,EIF6,20585627,GCST000708,2026-07-01T00:28:27Z
skin,sunburn,MONDO_0005326,sunburn,Sunburns,rs2425048,20,35284920,?,,NR,,3E-8,"FAM83C-AS1, EIF6",30595370,GCST007086,2026-07-01T00:28:27Z
skin,suntan,EFO_0004279,suntan,Low tan response,rs62210588,20,35400311,G,increase,NR,0.456,4E-207,UQCC1,29739929,GCST005897,2026-07-01T00:28:27Z
skin,suntan,EFO_0004279,suntan,Low tan response,rs6142422,20,35628136,C,increase,NR,0.428,7E-173,CPNE1,29739929,GCST005897,2026-07-01T00:28:27Z
skin,suntan,EFO_0004279,suntan,Low tan response,rs112043138,20,35763696,A,increase,NR,0.363,2E-136,RPF2P1 - U6,29739929,GCST005897,2026-07-01T00:28:27Z
skin,suntan,EFO_0004279,suntan,Low tan response,rs1204552,20,36050981,A,increase,NR,0.408,4E-146,NORAD,29739929,GCST005897,2026-07-01T00:28:27Z
skin,suntan,EFO_0004279,suntan,Low tan response,rs2425192,20,36242663,A,increase,NR,0.269,4E-87,AAR2,29739929,GCST005897,2026-07-01T00:28:27Z
skin,suntan,EFO_0004279,suntan,Low tan response,rs2425224,20,36374446,A,increase,NR,0.319,1E-94,DLGAP4,29739929,GCST005897,2026-07-01T00:28:27Z
skin,suntan,EFO_0004279,suntan,Low tan response,rs55804368,20,36630339,T,increase,NR,0.328,2E-90,SLA2,29739929,GCST005897,2026-07-01T00:28:27Z
skin,suntan,EFO_0004279,suntan,Low tan response,rs73109224,20,36816725,G,increase,NR,0.315,2E-80,MTCL2,29739929,GCST005897,2026-07-01T00:28:27Z
skin,suntan,EFO_0004279,suntan,Low tan response,rs11696169,20,36923214,C,increase,NR,0.186,1E-44,SAMHD1,29739929,GCST005897,2026-07-01T00:28:27Z
skin,suntan,EFO_0004279,suntan,Low tan response,rs73094911,20,37164857,C,increase,NR,0.282,3E-56,MROH8,29739929,GCST005897,2026-07-01T00:28:27Z
skin,suntan,EFO_0004279,suntan,Low tan response,rs11697428,20,37337505,C,increase,NR,0.19,3E-38,MANBAL - SRC,29739929,GCST005897,2026-07-01T00:28:27Z
skin,suntan,EFO_0004279,suntan,Tanning,rs7279297,21,41807559,G,decrease,NR,0.12,3E-6,PRDM15,19340012,GCST000371,2026-07-01T00:28:27Z
skin,skin pigmentation,OBA_VT0002095,skin pigmentation,Skin reflectance (Melanin index),rs9609597,22,32567060,A,increase,NR,0.856133,6E-6,SYN3,30895295,GCST007739,2026-07-01T00:28:27Z
skin,sunburn,MONDO_0005326,sunburn,Sunburns,rs6007506,22,45226133,?,,NR,,7E-27,KIAA0930,30595370,GCST007086,2026-07-01T00:28:27Z
skin,skin pigmentation,OBA_VT0002095,skin pigmentation,Skin reflectance (Melanin index),rs28714227,22,47845112,T,decrease,NR,0.587953,2E-6,EPIC1,30895295,GCST007739,2026-07-01T00:28:27Z
skin,skin pigmentation,OBA_VT0002095,skin pigmentation,Skin reflectance (Melanin index),rs5771001,22,50456591,T,decrease,NR,0.264628,7E-6,SBF1,30895295,GCST007739,2026-07-01T00:28:27Z
skin,skin pigmentation,OBA_VT0002095,skin pigmentation,Skin pigmentation,rs676091,3,124624409,?,increase,NR,9.59,4E-8,KALRN,37294081,GCST90269962,2026-07-01T00:28:27Z
skin,sunburn,MONDO_0005326,sunburn,Sunburns,rs2607796,3,138637575,?,,NR,,2E-7,FAIM - PPIAP72,30595370,GCST007086,2026-07-01T00:28:27Z
skin,skin pigmentation,OBA_VT0002095,skin pigmentation,Skin reflectance,rs6792049,3,156635372,T,decrease,0.56,0.003,4E-10,TIPARP-AS1,36536295,GCST90246327,2026-07-01T00:28:27Z
skin,sunburn,MONDO_0005326,sunburn,Sunburns,rs9818780,3,156774969,?,,NR,,5E-11,TIPARP-AS1,30595370,GCST007086,2026-07-01T00:28:27Z
skin,skin pigmentation,OBA_VT0002095,"eye colour measurement, strand of hair color, skin pigmentation","Skin, hair and eye pigmentation (multivariate analysis)",rs9819158,3,167762873,?,,NR,,2E-8,SERPINI1,30664655,GCST007451,2026-07-01T00:28:27Z
skin,sunburn,MONDO_0005326,sunburn,Sunburns,rs56360320,3,189491857,?,,NR,,4E-9,TPRG1 - TP63,30595370,GCST007086,2026-07-01T00:28:27Z
skin,facial pigmentation,OBA_2045282,facial pigmentation,Facial skin gloss,rs9839947,3,192537529,A,increase,NR,0.5316,2E-6,FGF12,35313536,GCST90104591,2026-07-01T00:28:27Z
skin,facial pigmentation,OBA_2045282,facial pigmentation,Facial skin gloss,rs10510227,3,2116033,G,increase,NR,0.4958,8E-6,"CNTN4-AS2, CNTN4",35313536,GCST90104591,2026-07-01T00:28:27Z
skin,sunburn,MONDO_0005326,sunburn,Sunburns,rs7428430,3,50136751,?,,NR,,1E-8,SEMA3F-AS1,30595370,GCST007086,2026-07-01T00:28:27Z
skin,sunburn,MONDO_0005326,sunburn,Sunburns,rs9858244,3,85738249,?,,NR,,3E-11,CADM2,30595370,GCST007086,2026-07-01T00:28:27Z
skin,skin pigmentation,OBA_VT0002095,skin pigmentation,Skin reflectance (Melanin index),rs16887871,4,12932209,T,increase,NR,0.301555,6E-6,ECM1P2 - U6,30895295,GCST007739,2026-07-01T00:28:27Z
skin,sunburn,MONDO_0005326,sunburn,Sunburns,rs111391498,4,1347765,?,,NR,,8E-24,UVSSA,30595370,GCST007086,2026-07-01T00:28:27Z
skin,facial pigmentation,OBA_2045282,facial pigmentation,Facial skin melanin,rs11723622,4,185708693,C,increase,NR,10.14,1E-5,SORBS2,35313536,GCST90104590,2026-07-01T00:28:27Z
skin,facial pigmentation,OBA_2045282,facial pigmentation,Facial skin melanin,rs7679967,4,186014346,C,decrease,NR,12.69,1E-7,SORBS2 - RNU4-64P,35313536,GCST90104590,2026-07-01T00:28:27Z
skin,skin pigmentation,OBA_VT0002095,skin pigmentation,Skin reflectance (Melanin index),rs4355331,4,6021527,G,increase,NR,0.260034,4E-6,C4orf50,30895295,GCST007739,2026-07-01T00:28:27Z
skin,skin pigmentation,OBA_VT0002095,skin pigmentation,Skin pigmentation,rs6816819,4,64902991,?,increase,NR,11.99,6E-10,LINC02232,37294081,GCST90269962,2026-07-01T00:28:27Z
skin,sunburn,MONDO_0005326,sunburn,Sunburns,rs13115763,4,88828954,?,,NR,,4E-8,FAM13A,30595370,GCST007086,2026-07-01T00:28:27Z
skin,skin pigmentation,OBA_VT0002095,skin pigmentation,Skin reflectance (Melanin index),rs35399673,5,105193606,C,decrease,NR,0.753475,1E-6,RAB9BP1 - RNA5SP189,30895295,GCST007739,2026-07-01T00:28:27Z
skin,facial pigmentation,OBA_2045282,facial pigmentation,Facial skin melanin,rs7705127,5,123305008,G,increase,NR,12.8,6E-6,PRDM6 - CEP120,35313536,GCST90104590,2026-07-01T00:28:27Z
skin,facial pigmentation,OBA_2045282,facial pigmentation,Facial skin melanin,rs146789517,5,12995852,G,increase,NR,18.57,6E-6,LINC02220,35313536,GCST90104590,2026-07-01T00:28:27Z
skin,skin pigmentation,OBA_VT0002095,skin pigmentation,Skin reflectance (Melanin index),rs835151,5,14877672,A,increase,NR,0.821533,1E-6,HNRNPKP5,30895295,GCST007739,2026-07-01T00:28:27Z
skin,skin pigmentation,OBA_VT0002095,skin pigmentation,Skin reflectance,rs17110447,5,149813283,A,increase,0.7,0.004,4E-15,PPARGC1B,36536295,GCST90246327,2026-07-01T00:28:27Z
skin,freckles,EFO_0003963,freckles,Freckles,rs251468,5,149814922,C,,0.82,1.4492754,1E-21,PPARGC1B,29895819,GCST006091,2026-07-01T00:28:27Z
skin,sunburn,MONDO_0005326,sunburn,Sunburns,rs251466,5,149816040,?,,NR,,5E-30,PPARGC1B,30595370,GCST007086,2026-07-01T00:28:27Z
skin,suntan,EFO_0004279,suntan,Low tan response,rs251464,5,149816671,C,decrease,NR,0.06,2E-9,PPARGC1B,29739929,GCST005897,2026-07-01T00:28:27Z
skin,facial pigmentation,OBA_2045282,facial pigmentation,Facial pigmentation measurement (UV light),rs32579,5,149831285,T,decrease,0.297,1.56,9E-42,PPARGC1B,32835660,GCST90002283,2026-07-01T00:28:27Z
skin,skin pigmentation,OBA_VT0002095,skin pigmentation,Skin reflectance (Melanin index),rs76586863,5,160448978,T,decrease,NR,0.60333,3E-6,MIR3142HG,30895295,GCST007739,2026-07-01T00:28:27Z
skin,skin pigmentation,OBA_VT0002095,skin pigmentation,Skin color,rs1423300,5,33832328,A,decrease,0.333528,0.145644,3E-16,ADAMTS12,36672889,GCST90255690,2026-07-01T00:28:27Z
skin,skin pigmentation,OBA_VT0002095,skin pigmentation,Skin color,rs2591723,5,33832853,C,decrease,0.0810538,0.307374,2E-25,ADAMTS12,36672889,GCST90255690,2026-07-01T00:28:27Z
skin,skin sensitivity to sun,MONDO_0005434,skin sensitivity to sun,Ease of skin tanning,rs10636696,5,33832942,?,increase,0.0616935,0.255018,3E-12,ADAMTS12,36672889,GCST90255687,2026-07-01T00:28:27Z
skin,skin pigmentation,OBA_VT0002095,skin pigmentation,Skin phototype score,rs2591719,5,33835538,A,increase,0.0809608,4.92495,1E-23,ADAMTS12,36672889,GCST90255688,2026-07-01T00:28:27Z
skin,skin pigmentation,OBA_VT0002095,skin pigmentation,Skin color,rs1335589229,5,33835944,C,decrease,0.0186724,0.374487,1E-9,ADAMTS12,36672889,GCST90255690,2026-07-01T00:28:27Z
skin,skin pigmentation,OBA_VT0002095,skin pigmentation,Skin phototype score,rs146410588,5,33835954,C,decrease,0.443331,2.27673,4E-14,ADAMTS12,36672889,GCST90255688,2026-07-01T00:28:27Z
skin,skin pigmentation,OBA_VT0002095,skin pigmentation,Skin phototype score,rs145326083,5,33839928,A,increase,0.0163298,7.09874,7E-9,ADAMTS12,36672889,GCST90255688,2026-07-01T00:28:27Z
skin,skin pigmentation,OBA_VT0002095,skin pigmentation,Skin phototype score,rs116074720,5,33844457,A,decrease,0.446331,2.62864,1E-22,ADAMTS12,36672889,GCST90255688,2026-07-01T00:28:27Z
skin,skin pigmentation,OBA_VT0002095,skin pigmentation,Skin color,rs2591736,5,33848028,A,decrease,0.0318872,0.362616,2E-14,ADAMTS12,36672889,GCST90255690,2026-07-01T00:28:27Z
skin,skin pigmentation,OBA_VT0002095,skin pigmentation,Skin phototype score,rs528795462,5,33849438,?,increase,0.152306,2.57314,7E-9,ADAMTS12,36672889,GCST90255688,2026-07-01T00:28:27Z
skin,skin pigmentation,OBA_VT0002095,skin pigmentation,Skin color,rs201918952,5,33849592,C,decrease,0.063701,0.243154,2E-11,ADAMTS12,36672889,GCST90255690,2026-07-01T00:28:27Z
skin,skin pigmentation,OBA_VT0002095,skin pigmentation,Skin color,rs2961906,5,33858671,A,decrease,0.116128,0.174464,7E-10,ADAMTS12,36672889,GCST90255690,2026-07-01T00:28:27Z
skin,skin pigmentation,OBA_VT0002095,skin pigmentation,Skin phototype score,rs114803348,5,33859299,A,decrease,0.221422,2.47665,1E-12,ADAMTS12,36672889,GCST90255688,2026-07-01T00:28:27Z
skin,skin pigmentation,OBA_VT0002095,skin pigmentation,Skin color,rs11442532,5,33881565,?,decrease,0.092285,0.193589,2E-12,ADAMTS12,36672889,GCST90255690,2026-07-01T00:28:27Z
skin,skin pigmentation,OBA_VT0002095,skin pigmentation,Skin phototype score,rs78211086,5,33881892,C,increase,0.0254439,5.17362,5E-9,ADAMTS12,36672889,GCST90255688,2026-07-01T00:28:27Z
skin,skin pigmentation,OBA_VT0002095,skin pigmentation,Skin color,rs79064946,5,33883328,G,decrease,0.0506175,0.318374,3E-15,ADAMTS12,36672889,GCST90255690,2026-07-01T00:28:27Z
skin,skin pigmentation,OBA_VT0002095,skin pigmentation,Skin phototype score,rs11742467,5,33899585,G,increase,0.195144,3.94772,2E-32,ADAMTS12 - RXFP3,36672889,GCST90255688,2026-07-01T00:28:27Z
skin,skin sensitivity to sun,MONDO_0005434,skin sensitivity to sun,Ease of sunburn,rs1833923,5,33903329,A,increase,0.476389,0.18864,2E-13,ADAMTS12 - RXFP3,36672889,GCST90255686,2026-07-01T00:28:27Z
skin,skin pigmentation,OBA_VT0002095,skin pigmentation,Skin phototype score,rs2331343,5,33921589,G,increase,0.0694719,6.11714,4E-31,ADAMTS12 - RXFP3,36672889,GCST90255688,2026-07-01T00:28:27Z
skin,skin sensitivity to sun,MONDO_0005434,skin sensitivity to sun,Ease of skin tanning,rs1946267,5,33921705,A,increase,0.197366,0.1756,2E-16,ADAMTS12 - RXFP3,36672889,GCST90255687,2026-07-01T00:28:27Z
skin,skin pigmentation,OBA_VT0002095,skin pigmentation,Skin phototype score,rs13177787,5,33926949,T,increase,0.12878,5.39362,7E-43,ADAMTS12 - RXFP3,36672889,GCST90255688,2026-07-01T00:28:27Z
skin,skin pigmentation,OBA_VT0002095,skin pigmentation,Skin phototype score,rs7713279,5,33928797,G,increase,0.227729,4.45581,2E-45,ADAMTS12 - RXFP3,36672889,GCST90255688,2026-07-01T00:28:27Z
skin,skin pigmentation,OBA_VT0002095,skin pigmentation,Skin phototype score,rs34153565,5,33932226,T,increase,0.0945538,3.20821,1E-12,ADAMTS12 - RXFP3,36672889,GCST90255688,2026-07-01T00:28:27Z
skin,skin pigmentation,OBA_VT0002095,skin pigmentation,Skin color,rs34280294,5,33932510,T,decrease,0.0503867,0.330209,8E-20,ADAMTS12 - RXFP3,36672889,GCST90255690,2026-07-01T00:28:27Z
skin,skin pigmentation,OBA_VT0002095,skin pigmentation,Skin color,rs10054129,5,33933670,G,decrease,0.0939923,0.21173,4E-15,ADAMTS12 - RXFP3,36672889,GCST90255690,2026-07-01T00:28:27Z
skin,skin pigmentation,OBA_VT0002095,skin pigmentation,Skin color (Fitzpatrick scale),rs16891958,5,33933857,T,increase,0.0238657,0.33716,3E-11,ADAMTS12 - RXFP3,36672889,GCST90255689,2026-07-01T00:28:27Z
skin,skin sensitivity to sun,MONDO_0005434,skin sensitivity to sun,Ease of sunburn,rs7729545,5,33933902,G,decrease,0.129398,0.236835,5E-10,ADAMTS12 - RXFP3,36672889,GCST90255686,2026-07-01T00:28:27Z
skin,skin pigmentation,OBA_VT0002095,skin pigmentation,Skin phototype score,rs70964426,5,33935021,T,increase,0.0243108,7.75219,7E-15,ADAMTS12 - RXFP3,36672889,GCST90255688,2026-07-01T00:28:27Z
skin,skin pigmentation,OBA_VT0002095,skin pigmentation,Skin phototype score,rs7702361,5,33935838,A,decrease,0.409183,2.01803,5E-14,ADAMTS12 - RXFP3,36672889,GCST90255688,2026-07-01T00:28:27Z
skin,skin pigmentation,OBA_VT0002095,skin pigmentation,Skin color,rs79014396,5,33936616,T,decrease,0.0215006,0.380487,6E-12,RXFP3,36672889,GCST90255690,2026-07-01T00:28:27Z
skin,skin pigmentation,OBA_VT0002095,skin pigmentation,Skin color,rs9292519,5,33938342,A,decrease,0.498079,0.164078,2E-25,RXFP3,36672889,GCST90255690,2026-07-01T00:28:27Z
skin,skin pigmentation,OBA_VT0002095,skin pigmentation,Skin phototype score,rs10461708,5,33940314,A,increase,0.447265,1.99845,1E-13,RXFP3 - SLC45A2,36672889,GCST90255688,2026-07-01T00:28:27Z
skin,skin pigmentation,OBA_VT0002095,skin pigmentation,Skin color,rs35400,5,33940648,A,decrease,0.023637,0.400551,1E-13,RXFP3 - SLC45A2,36672889,GCST90255690,2026-07-01T00:28:27Z
skin,skin pigmentation,OBA_VT0002095,skin pigmentation,Skin color,rs57525174,5,33940712,A,decrease,0.0174524,0.464985,2E-14,RXFP3 - SLC45A2,36672889,GCST90255690,2026-07-01T00:28:27Z
skin,skin pigmentation,OBA_VT0002095,skin pigmentation,Skin color,rs35404,5,33944407,G,decrease,0.0172826,0.619321,6E-19,RXFP3 - SLC45A2,36672889,GCST90255690,2026-07-01T00:28:27Z
skin,skin pigmentation,OBA_VT0002095,skin pigmentation,Skin phototype score,rs869097159,5,33944490,A,increase,0.0631342,7.01545,4E-28,RXFP3 - SLC45A2,36672889,GCST90255688,2026-07-01T00:28:27Z
skin,skin pigmentation,OBA_VT0002095,skin pigmentation,Skin color,rs1214023646,5,33944490,?,decrease,0.0214985,0.390772,6E-10,RXFP3 - SLC45A2,36672889,GCST90255690,2026-07-01T00:28:27Z
skin,skin pigmentation,OBA_VT0002095,skin pigmentation,Skin phototype score,rs35406,5,33946038,G,increase,0.0682626,8.17197,3E-54,SLC45A2,36672889,GCST90255688,2026-07-01T00:28:27Z
skin,skin pigmentation,OBA_VT0002095,skin pigmentation,Skin color,rs7380538,5,33946450,A,decrease,0.0340775,0.532895,5E-35,SLC45A2,36672889,GCST90255690,2026-07-01T00:28:27Z
skin,skin pigmentation,OBA_VT0002095,skin pigmentation,Skin reflectance,rs35407,5,33946466,A,decrease,0.02,0.023,1E-34,SLC45A2,36536295,GCST90246327,2026-07-01T00:28:27Z
skin,skin pigmentation,OBA_VT0002095,skin pigmentation,Skin pigmentation,rs35395,5,33948484,T,decrease,NR,0.321,2E-24,SLC45A2,31315583,GCST008519,2026-07-01T00:28:27Z
skin,skin pigmentation,OBA_VT0002095,skin pigmentation,Skin phototype score,rs10080040,5,33950346,T,increase,0.0339619,9.32618,5E-38,SLC45A2,36672889,GCST90255688,2026-07-01T00:28:27Z
skin,skin pigmentation,OBA_VT0002095,skin pigmentation,Skin pigmentation,rs35397,5,33951011,?,decrease,0.548195,0.342625,9E-13,SLC45A2,31315583,GCST008518,2026-07-01T00:28:27Z
skin,skin pigmentation,OBA_VT0002095,skin pigmentation,Skin color,rs2278007,5,33951446,G,decrease,0.0245737,0.618097,1E-33,SLC45A2,36672889,GCST90255690,2026-07-01T00:28:27Z
skin,sunburn,MONDO_0005326,sunburn,Sunburns,rs16891982,5,33951588,?,,NR,,3E-320,SLC45A2,30595370,GCST007086,2026-07-01T00:28:27Z
skin,skin pigmentation,OBA_VT0002095,skin pigmentation,Skin color,rs111372186,5,33952363,A,decrease,0.0250638,0.366323,9E-10,SLC45A2,36672889,GCST90255690,2026-07-01T00:28:27Z
skin,skin pigmentation,OBA_VT0002095,skin pigmentation,Skin phototype score,rs560973795,5,33954283,T,increase,0.0129061,8.79865,2E-11,SLC45A2,36672889,GCST90255688,2026-07-01T00:28:27Z
skin,suntan,EFO_0004279,suntan,Tanning,rs35391,5,33955568,T,decrease,NR,0.44,3E-10,SLC45A2,19340012,GCST000371,2026-07-01T00:28:27Z
skin,skin pigmentation,OBA_VT0002095,skin pigmentation,Skin phototype score,rs6451047,5,33956911,T,increase,0.015203,11.5814,3E-22,SLC45A2,36672889,GCST90255688,2026-07-01T00:28:27Z
skin,skin pigmentation,OBA_VT0002095,"eye colour measurement, strand of hair color, skin pigmentation","Skin, hair and eye pigmentation (multivariate analysis)",rs28777,5,33958854,?,,NR,,9E-127,SLC45A2,30664655,GCST007451,2026-07-01T00:28:27Z
skin,skin pigmentation,OBA_VT0002095,skin pigmentation,Skin color,rs10565330,5,33960279,?,decrease,0.0220102,0.554733,8E-19,SLC45A2,36672889,GCST90255690,2026-07-01T00:28:27Z
skin,skin pigmentation,OBA_VT0002095,skin pigmentation,Skin phototype score,rs73077127,5,33960343,C,increase,0.0192128,7.79026,8E-14,SLC45A2,36672889,GCST90255688,2026-07-01T00:28:27Z
skin,skin pigmentation,OBA_VT0002095,skin pigmentation,Skin color (Fitzpatrick scale),rs28117,5,33962665,G,increase,0.108555,0.372114,2E-66,SLC45A2,36672889,GCST90255689,2026-07-01T00:28:27Z
skin,freckles,EFO_0003963,"Abnormal skin pigmentation, freckles",Skin pigmentation traits,rs183671,5,33964105,?,increase,NR,0.2131,8E-9,SLC45A2,30166351,GCST007488,2026-07-01T00:28:27Z
skin,skin pigmentation,OBA_VT0002095,skin pigmentation,Skin phototype score,rs367752652,5,33966428,C,increase,0.0396982,8.54476,5E-30,SLC45A2,36672889,GCST90255688,2026-07-01T00:28:27Z
skin,skin pigmentation,OBA_VT0002095,skin pigmentation,Skin phototype score,rs35412,5,33967040,C,increase,0.103303,8.58179,6E-85,SLC45A2,36672889,GCST90255688,2026-07-01T00:28:27Z
skin,skin sensitivity to sun,MONDO_0005434,skin sensitivity to sun,Ease of sunburn,rs3797201,5,33968040,C,decrease,0.0207814,0.633905,2E-10,SLC45A2,36672889,GCST90255686,2026-07-01T00:28:27Z
skin,skin pigmentation,OBA_VT0002095,skin pigmentation,Skin color,rs6451050,5,33968217,T,decrease,0.0104185,0.717845,3E-15,SLC45A2,36672889,GCST90255690,2026-07-01T00:28:27Z
skin,skin pigmentation,OBA_VT0002095,skin pigmentation,Skin color,rs2067350,5,33968648,?,decrease,0.144076,0.225134,8E-18,SLC45A2,36672889,GCST90255690,2026-07-01T00:28:27Z
skin,skin pigmentation,OBA_VT0002095,skin pigmentation,Skin color,rs35414,5,33969523,T,decrease,0.411849,0.16084,2E-21,SLC45A2,36672889,GCST90255690,2026-07-01T00:28:27Z
skin,skin pigmentation,OBA_VT0002095,skin pigmentation,Skin phototype score,rs3776546,5,33975982,A,increase,0.0883338,3.94232,3E-17,SLC45A2,36672889,GCST90255688,2026-07-01T00:28:27Z
skin,skin pigmentation,OBA_VT0002095,skin pigmentation,Skin phototype score,rs35960920,5,33980160,C,increase,0.147707,2.7895,7E-14,SLC45A2,36672889,GCST90255688,2026-07-01T00:28:27Z
skin,skin pigmentation,OBA_VT0002095,skin pigmentation,Skin color,rs7721230,5,33992424,A,decrease,0.442317,0.10119,4E-10,"C1QTNF3-AMACR, AMACR",36672889,GCST90255690,2026-07-01T00:28:27Z
skin,skin pigmentation,OBA_VT0002095,skin pigmentation,Skin phototype score,rs36089417,5,33994939,C,increase,0.0596264,3.39423,2E-9,"AMACR, C1QTNF3-AMACR",36672889,GCST90255688,2026-07-01T00:28:27Z
skin,skin pigmentation,OBA_VT0002095,skin pigmentation,Skin phototype score,rs11429237,5,34000505,?,increase,0.208851,1.86499,1E-8,"AMACR, C1QTNF3-AMACR",36672889,GCST90255688,2026-07-01T00:28:27Z
skin,skin pigmentation,OBA_VT0002095,skin pigmentation,Skin color,rs149359,5,34035135,C,decrease,0.437111,0.100936,4E-10,"C1QTNF3-AMACR, C1QTNF3",36672889,GCST90255690,2026-07-01T00:28:27Z
skin,sunburn,MONDO_0005326,sunburn,Sunburns,rs11739906,5,59723533,?,,NR,,3E-8,PDE4D,30595370,GCST007086,2026-07-01T00:28:27Z
skin,sunburn,MONDO_0005326,sunburn,Sunburns,rs6882046,5,88673046,?,,NR,,2E-8,MIR9-2HG,30595370,GCST007086,2026-07-01T00:28:27Z
skin,sunburn,MONDO_0005326,sunburn,Sunburns,rs115023893,6,1023608,?,,NR,,2E-8,LINC01622,30595370,GCST007086,2026-07-01T00:28:27Z
skin,facial pigmentation,OBA_2045282,facial pigmentation,Facial skin gloss,rs7744878,6,132580381,A,increase,NR,0.5744,1E-6,TAAR6 - TAAR5,35313536,GCST90104591,2026-07-01T00:28:27Z
skin,facial pigmentation,OBA_2045282,facial pigmentation,Facial skin melanin,rs11155321,6,143740640,T,increase,NR,8.707,3E-6,PHACTR2,35313536,GCST90104590,2026-07-01T00:28:27Z
skin,sunburn,MONDO_0005326,sunburn,Sunburns,rs1391659,6,155663265,?,,NR,,2E-9,RNU7-152P - MIR1202,30595370,GCST007086,2026-07-01T00:28:27Z
skin,sunburn,MONDO_0005326,sunburn,Sunburns,rs74952737,6,156950105,?,,NR,,7E-8,ARID1B,30595370,GCST007086,2026-07-01T00:28:27Z
skin,skin pigmentation,OBA_VT0002095,skin pigmentation,Skin reflectance (Melanin index),rs13198547,6,167304908,A,increase,NR,0.255861,7E-6,UNC93A,30895295,GCST007739,2026-07-01T00:28:27Z
skin,skin pigmentation,OBA_VT0002095,skin pigmentation,Skin reflectance (Melanin index),rs9460028,6,170064062,A,decrease,NR,0.409592,4E-6,LINC00574 - RPL12P23,30895295,GCST007739,2026-07-01T00:28:27Z
skin,skin pigmentation,OBA_VT0002095,skin pigmentation,Severity of facial solar lentigines,rs9350204,6,19996577,C,,0.154,,2E-6,ID4 - RPL29P17,27327535,GCST003591,2026-07-01T00:28:27Z
skin,suntan,EFO_0004279,suntan,Low tan response,rs2235874,6,226284,G,decrease,NR,0.085,9E-20,LINC03066 - DUSP22,29739929,GCST005897,2026-07-01T00:28:27Z
skin,sunburn,MONDO_0005326,sunburn,Sunburns,rs113773649,6,242312,?,,NR,,2E-11,LINC03066 - DUSP22,30595370,GCST007086,2026-07-01T00:28:27Z
skin,skin pigmentation,OBA_VT0002095,skin pigmentation,Severity of facial solar lentigines,rs2524069,6,31277012,T,,0.13,,3E-7,USP8P1,27327535,GCST003591,2026-07-01T00:28:27Z
skin,skin pigmentation,OBA_VT0002095,skin pigmentation,Skin reflectance (Melanin index),rs17208853,6,32408583,C,decrease,NR,0.649209,8E-6,TSBP1-AS1 - HLA-DRA,30895295,GCST007739,2026-07-01T00:28:27Z
skin,skin pigmentation,OBA_VT0002095,skin pigmentation,Skin reflectance (Melanin index),rs112628998,6,32558998,A,decrease,NR,0.673911,1E-6,"HLA-DRB6, HLA-DRB6",30895295,GCST007739,2026-07-01T00:28:27Z
skin,sunburn,MONDO_0005326,sunburn,Sunburns,rs511515,6,33573730,?,,NR,,7E-17,BAK1,30595370,GCST007086,2026-07-01T00:28:27Z
skin,skin pigmentation,OBA_VT0002095,skin pigmentation,Skin reflectance (Melanin index),rs78515650,6,33832563,C,increase,NR,0.250354,6E-6,MLN - LINC01016,30895295,GCST007739,2026-07-01T00:28:27Z
skin,skin sensitivity to sun,MONDO_0005434,skin sensitivity to sun,Ease of skin tanning,rs2671427,6,385735,T,increase,0.440437,0.0989432,1E-8,DUSP22 - IRF4,36672889,GCST90255687,2026-07-01T00:28:27Z
skin,suntan,EFO_0004279,suntan,Low tan response,rs12203592,6,396321,T,increase,NR,0.545,1E-581,IRF4,29739929,GCST005897,2026-07-01T00:28:27Z
skin,sunburn,MONDO_0005326,sunburn,Sunburns,rs6938966,6,41793252,?,,NR,,8E-16,USP49,30595370,GCST007086,2026-07-01T00:28:27Z
skin,freckles,EFO_0003963,freckles,Freckles,rs9392026,6,453415,G,increase,0.397018,0.154428,2E-9,IRF4 - EXOC2,36672889,GCST90255685,2026-07-01T00:28:27Z
skin,freckles,EFO_0003963,freckles,Freckles,rs1540771,6,466033,A,,0.42,1.4,4E-18,IRF4 - EXOC2,17952075,GCST000119,2026-07-01T00:28:27Z
skin,suntan,EFO_0004279,suntan,Tanning,rs12210050,6,475489,T,increase,NR,0.22,5E-14,IRF4 - EXOC2,19340012,GCST000371,2026-07-01T00:28:27Z
skin,sunburn,MONDO_0005326,sunburn,Sunburns,rs6597061,6,495636,?,,NR,,1E-11,EXOC2,30595370,GCST007086,2026-07-01T00:28:27Z
skin,suntan,EFO_0004279,suntan,Low tan response,rs71550013,6,553489,C,increase,NR,0.199,5E-48,EXOC2,29739929,GCST005897,2026-07-01T00:28:27Z
skin,sunburn,MONDO_0005326,sunburn,Sunburns,rs2294664,6,599042,?,,NR,,6E-15,EXOC2,30595370,GCST007086,2026-07-01T00:28:27Z
skin,sunburn,MONDO_0005326,sunburn,Sunburns,rs12660153,6,60381335,?,,NR,,1E-9,PRIM2BP,30595370,GCST007086,2026-07-01T00:28:27Z
skin,sunburn,MONDO_0005326,sunburn,Sunburns,rs12524852,6,61973218,?,,NR,,1E-10,KHDRBS2,30595370,GCST007086,2026-07-01T00:28:27Z
skin,suntan,EFO_0004279,suntan,Low tan response,rs7765892,6,686110,C,decrease,NR,0.076,1E-17,EXOC2,29739929,GCST005897,2026-07-01T00:28:27Z
skin,sunburn,MONDO_0005326,sunburn,Sunburns,rs2788223,6,720465,?,,NR,,2E-9,EXOC2 - LINC01622,30595370,GCST007086,2026-07-01T00:28:27Z
skin,sunburn,MONDO_0005326,sunburn,Sunburns,rs1338549,6,97864267,?,,NR,,1E-10,MMS22L - MIR2113,30595370,GCST007086,2026-07-01T00:28:27Z
skin,sunburn,MONDO_0005326,sunburn,Sunburns,rs7794036,7,105230001,?,,NR,,2E-11,SRPK2,30595370,GCST007086,2026-07-01T00:28:27Z
skin,facial pigmentation,OBA_2045282,facial pigmentation,Facial skin gloss,rs2971755,7,131744295,G,increase,NR,0.4658,9E-7,EEF1B2P6 - NDUFB9P2,35313536,GCST90104591,2026-07-01T00:28:27Z
skin,skin pigmentation,OBA_VT0002095,skin pigmentation,Skin reflectance (Melanin index),rs6972456,7,150747295,G,increase,NR,0.260626,6E-6,"GIMAP3P, GIMAP5",30895295,GCST007739,2026-07-01T00:28:27Z
skin,sunburn,MONDO_0005326,sunburn,Sunburns,rs117132860,7,17095084,?,,NR,,3E-20,AHR,30595370,GCST007086,2026-07-01T00:28:27Z
skin,sunburn,MONDO_0005326,sunburn,Sunburns,rs849138,7,28137719,?,,NR,,4E-11,JAZF1,30595370,GCST007086,2026-07-01T00:28:27Z
skin,skin pigmentation,OBA_VT0002095,skin pigmentation,Skin reflectance (Melanin index),rs73311026,7,4461165,A,decrease,NR,0.476507,8E-6,SDK1 - CYP3A54P,30895295,GCST007739,2026-07-01T00:28:27Z
skin,skin pigmentation,OBA_VT0002095,skin pigmentation,Skin reflectance (Melanin index),rs187096292,7,56655753,G,decrease,NR,1.2935,5E-6,TRIM60P16 - CICP28,30895295,GCST007739,2026-07-01T00:28:27Z
skin,skin pigmentation,OBA_VT0002095,skin pigmentation,Skin reflectance (Melanin index),rs13278114,8,102712670,G,increase,NR,0.24775,7E-6,ADI1P2 - GASAL1,30895295,GCST007739,2026-07-01T00:28:27Z
skin,skin pigmentation,OBA_VT0002095,skin pigmentation,Skin reflectance (Melanin index),rs374951721,8,104147253,G,increase,NR,0.52564,4E-7,RIMS2,30895295,GCST007739,2026-07-01T00:28:27Z
skin,skin pigmentation,OBA_VT0002095,skin pigmentation,Skin reflectance,rs2049865,8,115576319,A,decrease,0.58,0.003,9E-10,TRPS1,36536295,GCST90246327,2026-07-01T00:28:27Z
skin,suntan,EFO_0004279,suntan,Low tan response,rs2737212,8,115608987,C,increase,NR,0.09,4E-25,TRPS1,29739929,GCST005897,2026-07-01T00:28:27Z
skin,sunburn,MONDO_0005326,sunburn,Sunburns,rs2737217,8,115618084,?,,NR,,9E-33,TRPS1,30595370,GCST007086,2026-07-01T00:28:27Z
skin,skin pigmentation,OBA_VT0002095,skin pigmentation,Skin reflectance (Melanin index),rs4130120,8,127632710,C,decrease,NR,0.48551,2E-6,CASC8 - CASC11,30895295,GCST007739,2026-07-01T00:28:27Z
skin,facial pigmentation,OBA_2045282,facial pigmentation,Facial skin gloss,rs752429,8,127968117,T,decrease,NR,0.4822,5E-6,PVT1,35313536,GCST90104591,2026-07-01T00:28:27Z
skin,skin pigmentation,OBA_VT0002095,skin pigmentation,Skin reflectance (Melanin index),rs4259415,8,23044055,C,increase,NR,0.258643,5E-6,TNFRSF10B,30895295,GCST007739,2026-07-01T00:28:27Z
skin,skin pigmentation,OBA_VT0002095,skin pigmentation,Skin reflectance (Melanin index),rs4370538,8,69745595,G,decrease,NR,0.445272,6E-6,SLCO5A1,30895295,GCST007739,2026-07-01T00:28:27Z
skin,skin pigmentation,OBA_VT0002095,skin pigmentation,Skin reflectance (Melanin index),rs895267,8,80993298,A,decrease,NR,0.253269,7E-6,PAG1,30895295,GCST007739,2026-07-01T00:28:27Z
skin,skin pigmentation,OBA_VT0002095,skin pigmentation,Skin phototype score,rs2762461,9,12696499,G,increase,0.477808,1.52387,1E-8,"LURAP1L-AS1, TYRP1",36672889,GCST90255688,2026-07-01T00:28:27Z
skin,suntan,EFO_0004279,suntan,Low tan response,rs1326797,9,12716763,T,decrease,NR,0.076,1E-17,LURAP1L-AS1,29739929,GCST005897,2026-07-01T00:28:27Z
skin,sunburn,MONDO_0005326,sunburn,Sunburns,rs7034354,9,12732576,?,,NR,,4E-11,LURAP1L-AS1,30595370,GCST007086,2026-07-01T00:28:27Z
skin,freckles,EFO_0003963,freckles,Freckles,rs10810635,9,16795243,C,,0.53,1.3157895,2E-22,BNC2,29895819,GCST006091,2026-07-01T00:28:27Z
skin,facial pigmentation,OBA_2045282,facial pigmentation,Facial pigmentation measurement (UV light),rs16935073,9,16795792,C,increase,0.434,1.58,2E-46,BNC2,32835660,GCST90002283,2026-07-01T00:28:27Z
skin,suntan,EFO_0004279,suntan,Low tan response,rs10962612,9,16804169,T,decrease,NR,0.104,4E-25,BNC2,29739929,GCST005897,2026-07-01T00:28:27Z
skin,freckles,EFO_0003963,freckles,Freckling,rs2153271,9,16864523,C,decrease,0.41,0.4,4E-10,BNC2,20585627,GCST000708,2026-07-01T00:28:27Z
skin,suntan,EFO_0004279,suntan,Low tan response,rs10810650,9,16873553,C,decrease,NR,0.144,2E-59,BNC2 - RN7SL720P,29739929,GCST005897,2026-07-01T00:28:27Z
skin,skin pigmentation,OBA_VT0002095,skin pigmentation,Skin color,rs4644350,9,16882918,C,decrease,0.436988,0.097384,1E-9,BNC2 - RN7SL720P,36672889,GCST90255690,2026-07-01T00:28:27Z
skin,sunburn,MONDO_0005326,sunburn,Sunburns,rs12350739,9,16885019,?,,NR,,4E-53,BNC2 - RN7SL720P,30595370,GCST007086,2026-07-01T00:28:27Z
skin,facial pigmentation,OBA_2045282,facial pigmentation,Facial pigmentation,rs62543565,9,16901069,C,decrease,0.37,6.32,2E-7,BNC2 - RN7SL720P,25705849,GCST002785,2026-07-01T00:28:27Z
skin,skin pigmentation,OBA_VT0002095,skin pigmentation,Skin pigmentation,rs10122939,9,20300845,G,decrease,0.34,0.09,2E-13,SLC24A2 - MLLT3,34570997,GCST90100219,2026-07-01T00:28:27Z
skin,facial pigmentation,OBA_2045282,facial pigmentation,Facial pigmentation measurement (polar light),rs643319,9,22017837,A,decrease,0.364,0.57,9E-11,CDKN2B-AS1,32835660,GCST90002284,2026-07-01T00:28:27Z
skin,skin pigmentation,OBA_VT0002095,skin pigmentation,Skin reflectance (Melanin index),rs80343610,9,79269045,A,increase,NR,0.520464,2E-6,KRT18P24 - CHCHD2P9,30895295,GCST007739,2026-07-01T00:28:27Z
skin,facial pigmentation,OBA_2045282,facial pigmentation,Facial skin melanin,rs56211720,9,85733443,A,increase,NR,9.685,9E-6,AGTPBP1,35313536,GCST90104590,2026-07-01T00:28:27Z
skin,sunburn,MONDO_0005326,sunburn,Sunburns,rs16909902,9,95473920,?,,NR,,1E-7,PTCH1,30595370,GCST007086,2026-07-01T00:28:27Z
skin,skin pigmentation,OBA_VT0002095,skin pigmentation,Skin reflectance (Melanin index),rs928618,9,95600210,G,increase,NR,0.399584,3E-6,PTCH1 - ERCC6L2-AS1,30895295,GCST007739,2026-07-01T00:28:27Z
